sual,cavab
" Natalya aprel ayında 48 dostuna klip satdı, may ayında isə iki dəfə az klip satdı. Natalya aprel və may aylarında cəmi neçə klip satdı?", Natalya may ayında 48/2 = <<48/2=24>>24 klip satdı. Natalya aprel və may aylarında cəmi 48+24 = <<48+24=72>>72 klip satdı. #### 72
" Venq dayəlik etmək üçün saatda 12 dollar qazanır. Dünən o, cəmi 50 dəqiqə dayəlik edib. Nə qədər qazanıb?"," Venq dəqiqədə 12/60 = $<<12/60=0.2>>0.2 qazanır. 50 dəqiqə işləyərək o, 0.2 x 50 = $<<0.2*50=10>>10 qazandı. #### 10"
" Betti 100 dollara yeni bir cüzdan üçün pul yığır. Bettinin ehtiyac duyduğu pulun yalnız yarısı var. Valideynləri ona bu məqsədlə 15 dollar, nənə və babasına isə valideynlərindən iki dəfə çox pul verməyə qərar verdilər. Bettinin cüzdan almaq üçün daha nə qədər pula ehtiyacı var?","Başlanğıcda Bettinin cəmi 100 / 2 = $<<100/2=50>>50 var idi. Bettinin nənə və babası ona 15 * 2 = $<<15*2=30>>30 vermişdilər. Bu o deməkdir ki, Bettinin daha 100 - 50 - 30 - 15 = $<<100-50-30-15=5>>5-ə ehtiyacı var. #### 5"
" Julie 120 səhifəlik kitab oxuyur. Dünən 12 səhifə oxuya bilmişdi və bu gün dünənkindən iki dəfə çox səhifə oxudu. Əgər sabah qalan səhifələrin yarısını oxumaq istəyirsə, neçə səhifə oxumalıdır?"," Mailə bu gün 12 x 2 = <<12*2=24>>24 səhifə oxudu. Beləliklə, dünəndən bəri cəmi 12 + 24 = <<12+24=36>>36 səhifə oxuya bilib. Oxunması üçün 120 - 36 = <<120-36=84>>84 səhifə qalıb. Sabah qalan səhifələrin yarısını oxumaq istədiyi üçün 84/2 = <<84/2=42>>42 səhifə oxumalıdır. #### 42"
" Ceyms həftədə iki dəfə 2 fərqli dostuna 3 səhifəlik məktub yazır. O, ildə neçə səhifə yazır?","O, hər dostuna həftədə 3*2=<<3*2=6>>6 səhifə yazır. Beləliklə, o, hər həftə 6*2=<<6*2=12>>12 səhifə yazır. Bu o deməkdir ki, o, ildə 12*52=<<12*52=624>>624 səhifə yazır. #### 624"
" Markın çiçəkli bir bağı var. O, orada üç müxtəlif rəngli bitki əkib. Onlardan onu sarı rəngdədir və bənövşəyi rəngdə olanların sayı 80% çoxdur. Yaşıl çiçəklərin sayı sarı və bənövşəyi çiçəklərin sayından cəmi 25% azdır. Markın bağçasında neçə çiçəyi var?"," 80/100 * 10 = <<80/100*10=8>> sarı çiçəklərdən 8 ədəd çox bənövşəyi çiçək var. Beləliklə, Markın bağçasında 10 + 8 = <<10+8=18>>18 bənövşəyi çiçək var. Bənövşəyi və sarı çiçəklərin cəmi 10 + 18 = <<10+18=28>>28 çiçək deməkdir. Bu o deməkdir ki, Markın bağçasında 25/100 * 28 = <<25/100*28=7>>7 yaşıl çiçək var. Beləliklə, Markın bağçasında ümumilikdə 28 + 7 = <<28+7=35>>35 bitki var. #### 35"
"Albert bir gündə nə qədər pizza yeyə biləcəyini düşünür. O, 2 böyük və 2 kiçik pizza alır. Böyük bir pizzanın 16 dilimi, kiçik bir pizzanın isə 8 dilimi var. Əgər hamısını yesə, həmin gün neçə tikə yeyəcək?"," O, ən böyük pizzalardan 32-ni yeyir, çünki 2 x 16 = <<2*16=32>>32 O, kiçik pizzalardan 16-nı yeyir, çünki 2 x 8 = <<2*8=16>>16 O, 48 ədəd yeyir, çünki 32 + 16 = <<32+16=48>>48 #### 48"
" Ken internat məktəbində oxuyan qardaşına göndərmək üçün bir yardım paketi hazırladı. Ken tərəzinin üzərinə bir qutu qoydu və sonra qutuya çəkisini 2 funta çatdırmaq üçün kifayət qədər jele tökdü. Sonra çəkisini üçqat artırmaq üçün kifayət qədər brauni əlavə etdi. Daha sonra daha 2 funt jele əlavə etdi. Və nəhayət, çəkisini bir daha ikiqat artırmaq üçün kifayət qədər jeleli qurd əlavə etdi. Şirniyyat qutusunun son çəkisi funtla nə qədər idi?","İlkin 2 funt jele paxlasına çəkisini üçqat artırmaq üçün kifayət qədər brauni əlavə etdi və çəkisini 2*3=<<2*3=6>>6 funta çatdırdı. Daha sonra daha 2 funt jele paxlası əlavə etdi və çəkisini 6+2=<<6+2=8>>8 funta çatdırdı. Və nəhayət, çəkisini bir daha ikiqat artırmaq üçün kifayət qədər jele qurdları əlavə etdi və son çəkisini 8*2=<<8*2=16>>16 funta çatdırdı. #### 16"
" Aleksis yeni işə müraciət edir və müsahibəyə geyinmək üçün yeni iş geyimləri dəsti alıb. O, 200 dollarlıq büdcəsi olan bir univermaqda gedib və 30 dollarını düyməli köynək, 46 dollarını kostyum şalvar, 38 dollarını kostyum palto, 11 dollarını corab və 18 dollarını kəmərə xərcləyib. O, həmçinin bir cüt ayaqqabı alıb, amma onların qəbzini itirib. Büdcəsindən 16 dolları qalıb. Aleksis ayaqqabı üçün nə qədər pul ödəyib?","S, Alexisin ayaqqabı üçün ödədiyi məbləğ olsun. O, S + 30 + 46 + 38 + 11 + 18 = S + <<+30 + 46 + 38 + 11 + 18=143>>143 xərcləyib. O, büdcəsinin 16 dollarından başqa hamısını istifadə edib, ona görə də S + 143 = 200 - 16 = 184. Beləliklə, Alexis ayaqqabı üçün S = 184 - 143 = $<<184-143=41>>41 ödəyib. #### 41"
" Tina saatda 18 dollar qazanır. Əgər o, növbədə 8 saatdan çox işləyirsə, əlavə iş vaxtına uyğundur və bu, saatlıq əmək haqqınız + saatlıq əmək haqqınızın 1/2 hissəsi ilə ödənilir. Əgər o, 5 gün ərzində hər gün 10 saat işləyirsə, nə qədər pul qazanır?","O, gündə 8 saat işləyir və saatı 18 dollar qazanır, buna görə də 8 saatlıq növbə üçün 8*18 = $<<8*18=144.00>>144.00 qazanır. O, gündə 10 saat işləyir və 8 saatdan çox işləyən hər hansı bir şəxs əlavə iş vaxtına uyğundur, buna görə də 10-8 = <<10-8=2>>2 saat əlavə iş vaxtı alır. Əlavə iş vaxtı yarım saat kimi hesablanır və o, saatda 18 dollar qazanır, ona görə də əlavə iş haqqı 18*.5 = $<<18*.5=9.00>>9.00-dur. Onun əlavə iş haqqı 18+9 = $<<18+9=27.00>>27.00-dur. Onun baza haqqı 8 saatlıq növbə üçün 144.00 dollardır və o, 5 gün işləyir və 5 * $144 = $<<144*5=720.00>>720.00 qazanır. Onun əlavə iş haqqı saatı 27.00 dollardır və o, 2 saat işləyir. gündə əlavə iş saatı və 27*2 = $<<27*2=54.00>>54.00 əlavə iş saatı qazanır. 5 gün ərzində 2 saat əlavə iş saatı qazanır. 5 gün ərzində onun əsas əmək haqqı 720.00 dollardır və o, əlavə iş saatı qazanır. Beləliklə, o, 720 + $270 = $<<720+270=990.00>>990.00 #### 990"
"Dərin dəniz canavarı hər yüz ildə bir dəfə gəmidə yemək yeyib aclığını yatırmaq üçün sulardan qalxır. Üç yüz il ərzində o, 847 nəfəri yeyib. Zamanla daha böyük gəmilər tikilib, ona görə də hər yeni gəmidə əvvəlki gəmidən iki dəfə çox insan var. Canavarı ilk yüz ildə gəmidə neçə nəfər yeyib?"," Tutaq ki, S ilk yüz illik gəmidəki insanların sayıdır. İkinci yüz illik gəmidə birincidən iki dəfə çox adam var idi, ona görə də 2S adam var idi. Üçüncü yüz illik gəmidə ikincidən iki dəfə çox adam var idi, ona görə də 2 * 2S = <<2*2=4>>4S adam var idi. Bütün gəmilərdə S + 2S + 4S = 7S = 847 adam var idi. Beləliklə, canavarın ilk yüz ildə yediyi gəmidə S = 847 / 7 = <<847/7=121>>121 adam var idi. #### 121"
"Tobias 95 dollara yeni ayaqqabı alır. O, son üç aydır ki, hər ay pul yığır. O, ayda 5 dollar müavinət alır. O, həmçinin qazon biçir və həyət yollarını kürə ilə təmizləyir. O, qazon biçmək üçün 15 dollar, kürə ilə təmizləmək üçün isə 7 dollar alır. Ayaqqabıları aldıqdan sonra onun 15 dollar xırda pulu qalır. Əgər o, 4 qazon biçərsə, neçə həyət yolunu kürə ilə təmizləyib?"," O, cəmi 110 dollar qənaət etdi, çünki 95 + 15 = <<95+15=110>>110 O, müavinətindən 15 dollar qənaət etdi, çünki 3 x 5 = <<3*5=15>>15 O, qazon biçməklə 60 dollar qazandı, çünki 4 x 15 = <<4*15=60>>60 O, həyətləri kürə ilə təmizləməklə 35 dollar qazandı, çünki 110 - 60 - 15 = <<110-60-15=35>>35 O, həyətləri kürə ilə təmizləməklə 5 dollar qazandı, çünki 35 / 7 = <<35/7=5>>5 #### 5"
 Rendinin fermasında 60 manqo ağacı var. Həmçinin onun manqo ağaclarından iki dəfə az 5 hindistan cevizi ağacı var. Rendinin fermasında cəmi neçə ağac var?,"Rendinin manqo ağaclarının sayının yarısı 60/2 = <<60/2=30>>30 ağacdır. Beləliklə, Rendinin 30 - 5 = <<30-5=25>>25 kokos ağacı var. Buna görə də, Rendinin fermasında 60 + 25 = <<60+25=85>>85 ağacı var. #### 85"
" Jasper şam yeməyində şarküteri təqdim edəcək. O, 10 dollara 2 funt çedar pendiri, çedar pendirinin yarısına başa gələn bir funt qaymaqlı pendir və çedar pendirinin ikiqat qiymətinə olan bir paket soyuq kəsiklər alır. Tərkibinə nə qədər pul xərcləyir?", Bir funt qaymaqlı pendirin qiyməti 10 dollar / 2 = $<<10/2=5>>5 idi. Bir paket soyuq kəsim 10 dollar x 2 = $<<10*2=20>>20 idi. Jasper inqrediyentlərə 10 dollar + 5 dollar + 20 dollar = $<<10+5+20=35>>35 xərclədi. #### 35
 Coy 20 dəqiqəyə 8 səhifəlik kitab oxuya bilir. 120 səhifəlik kitabı oxumaq üçün ona neçə saat lazım olacaq?,"Bir saatda 20 dəqiqəlik 3 dəst var. Beləliklə, Coy bir saatda 8 x 3 = <<8*3=24>>24 səhifə oxuya bilər. 120 səhifə oxumaq üçün ona 120/24 = <<120/24=5>>5 saat lazım olacaq. #### 5"
" Ceyms media imperiyası yaradır. O, 2000 dollara bir film yaradır. Hər DVD-nin istehsalı 6 dollara başa gəlir. O, onu 2,5 dəfə baha satır. O, həftənin 5 günü ərzində gündə 500 film satır. 20 həftədə nə qədər qazanc əldə edir?"," O, hər DVD-ni 6*2.5=$<<6*2.5=15>>15-ə satdı. Beləliklə, o, 15-6=$<<15-6=9>>9 mənfəət əldə edir. Beləliklə, o, hər gün 9*500=$<<9*500=4500>>4500 mənfəət əldə edir. Beləliklə, o, 4500*5=$<<4500*5=22500>>22,500 qazanır. O, 22,500*20=$<<22500*20=450000>>450,000 qazanır. Sonra filmin yaradılması xərcindən sonra onun 450,000-2000=$<<450000-2000=448000>>448,000 mənfəəti var. #### 448000"
"Biznes əməliyyatından əldə edilən mənfəət 2 biznes tərəfdaşı Mayk və Conson arasında müvafiq olaraq 2:5 nisbətində bölüşdürülür. Əgər Conson 2500 dollar əldə edibsə, Maykın payının bir hissəsi 200 dollarlıq köynəyə xərcləndikdən sonra nə qədər pulu qalacaq?"," Nisbətə görə, Consonun aldığı hər 5 hissə üçün Mayk 2 hissə alır. Conson 2500 dollar aldığı üçün hər hissə 2500 dollar/5 = $<<2500/5=500>>500 Mayk 2*500 dollar = $<<2*500=1000>>1000 alacaq. Köynəyi aldıqdan sonra onun 1000-200 dolları = $<<1000-200=800>>800 dolları qalacaq #### 800"
" Yük maşınında 26 çəhrayı papaq, 15 yaşıl papaq və 24 sarı papaq var. Əgər Karl 4 çəhrayı papaq, Con isə 6 çəhrayı papaq və çıxardığı çəhrayı papaqların sayından iki dəfə çox yaşıl papaq götürərsə, yük maşınında qalan papaqların ümumi sayını hesablayın.","Əgər 26 çəhrayı şapka varsa və Karl 4 çəhrayı şapka götürsə, qalan çəhrayı şapkaların sayı 26-4 = <<26-4=22>>22 Con da 6 çəhrayı şapka götürüb, yük maşınında 22-6 = <<22-6=16>>16 çəhrayı şapka qalıb. Əgər Con da çəhrayı şapkalardan iki dəfə çox yaşıl şapka götürübsə, 2*6 = <<6*2=12>>12 yaşıl şapka götürüb. Yük maşınında qalan yaşıl şapkaların ümumi sayı 15-12 = <<15-12=3>>3-dür. Yük maşınında, bəziləri götürüldükdən sonra, 3 yaşıl şapka + 16 çəhrayı şapka = <<3+16=19>>19 şapka qalıb. Ümumilikdə, 19 yaşıl və çəhrayı şapka + 24 sarı şapka = <<19+24=43>>43 şapka qalıb #### 43"
" Rok işə piyada getmək üçün iki saat, velosipedlə getmək üçün isə bir saat vaxt sərf edir. Rok həftədə üç dəfə işə piyada gedib-gəlir, həftədə iki dəfə isə işə velosipedlə gedib-gəlir. Piyada və velosipedlə həftədə işə gedib-gəlmək üçün cəmi neçə saat vaxt sərf edir?","Roque işə piyada getmək üçün həftədə 2*3 = <<2*3=6>>6 saat vaxt sərf edir. Roque işə piyada getmək üçün həftədə 6*2 = <<6*2=12>>12 saat vaxt sərf edir. Roque işə velosipedlə getmək üçün həftədə 1*2 = <<1*2=2>>2 saat vaxt sərf edir. Roque işə velosipedlə getmək üçün həftədə 2*2 = <<2*2=4>>4 saat vaxt sərf edir. Ümumilikdə, Roque işə getmək və qayıtmaq üçün həftədə 12+4 = <<12+4=16>>16 saat vaxt sərf edir. #### 16"
" Tim 5 iş gününün hər birində işə velosipedlə gedib-gəlir. Onun işi 20 mil uzaqlıqdadır. O, həmçinin həftəsonu 200 mil velosiped gəzintisinə çıxır. Əgər o, saatda 25 mil sürətlə velosiped sürə bilirsə, həftədə nə qədər velosiped sürər?"," O, işə hər gün 20*2=<<20*2=40>>40 mil velosiped sürür. Beləliklə, o, işə 40*5=<<40*5=200>>200 mil velosiped sürür. Bu o deməkdir ki, o, cəmi 200+200=<<200+200=400>>400 mil velosiped sürür. Beləliklə, o, işə cəmi 400/25=<<400/25=16>>16 saat velosiped sürür. #### 16"
"Bella poçt şöbəsindən markalar aldı. Markaların bəzilərində qar dənəsi dizaynı, bəzilərində yük maşını dizaynı, bəzilərində isə gül dizaynı var idi. Bella 11 qar dənəsi markası aldı. O, qar dənəsi markalarından 9 yük maşını markası çox, yük maşını markalarından isə 13 az gül markası aldı. Bella cəmi neçə marka aldı?", Yük maşını möhürlərinin sayı 11 + 9 = <<11+9=20>>20-dir. Gül möhürlərinin sayı 20 − 13 = <<20-13=7>>7-dir. Bella cəmi 11 + 20 + 7 = <<11+20+7=38>>38 möhür alıb. #### 38
" Hər quş gündə 12 böcək, hər ilan gündə 3 quş və hər yaquar gündə 5 ilan yeyir. Əgər meşədə 6 yaquar varsa, hər gün neçə böcək yeyilir?",Əvvəlcə yeyilən ilanların ümumi sayını tapın: 5 ilan/yaquar * 6 yaquar = <<5*6=30>>30 ilan Sonra gündə yeyilən quşların ümumi sayını tapın: 30 ilan * 3 quş/ilan = <<30*3=90>>90 ilan Sonra gündə yeyilən böcəklərin ümumi sayını tapmaq üçün ilanların sayını hər ilan başına düşən böcəklərin sayına vurun: 90 ilan * 12 böcək/ilan = <<90*12=1080>>1080 böcək #### 1080
" Samanthanın soyadında Bobbinin soyadından üç hərf azdır. Əgər Bobbinin soyadından iki hərf çıxarsaydı, onun soyadı Ceymi soyadından iki dəfə uzun olardı. Ceymi soyadının tam adı Ceymi Qreydir. Samanthanın soyadında neçə hərf var?"," Ceymi soyadında 4 hərf var, deməli, Bobbinin adı 4*2 +2 = <<4*2+2=10>>10 hərf uzunluğundadır. Samantanın soyadı Bobbinin soyadından 3 hərf qısadır, deməli, Samantanın soyadında 10 - 3 = <<10-3=7>>7 hərf var. #### 7"
"Ann-in ən sevdiyi mağaza yay endirimləri idi. O, 75 dollara hər biri 7 dollara 5 cüt şort və hər biri 10 dollara 2 cüt ayaqqabı aldı. O, həmçinin eyni qiymətə 4 köynək də aldı. Hər köynəyin qiyməti nə qədər idi?"," O, hər biri 7 dollardan 5 şort aldı, buna görə də 5*7=$<<5*7=35>>35 O, hər birini 10 dollardan 2 cüt ayaqqabı aldı, buna görə də 2*10=$<<2*10=20>>20 Şort və ayaqqabılar ona 35+20 = $<<35+20=55>>55 Bilirik ki, o, cəmi 75 dollar xərcləyib və şort və ayaqqabılar 55 dollara başa gəlib, bu da 75-55 = $<<75-55=20>>20 O, cəmi 20 dollara 4 köynək alıb, buna görə də 20/4 = $5 #### 5"
" Meri şənbə günü ərzaq alış-verişi edir. O, alış-verişi yalnız 100 dollar kreditə icazə verilən müəyyən bir mağazada edir və bu kredit növbəti alış-veriş səfərindən əvvəl tam ödənilməlidir. Həmin həftə o, bütün kredit limitini xərcləyib və çərşənbə axşamı 15 dollar, cümə axşamı isə 23 dollar ödəyib. Meri növbəti alış-veriş səfərindən əvvəl nə qədər kredit ödəməli olacaq?","İndiyə qədər Meri kreditin 15 dolları + 23 dolları=$<<15+23=38>>38 dollarını geri ödəyib. Deməli, o, hələ də 100-38 dolları=$<<100-38=62>>62 #### 62"
" Ralf tennis topu atıcısı ilə tennis oynamağı məşq edəcək. Bu maşın Ralfın vurması üçün tennis topu atır. O, maşını 175 tennis topu ilə doldurur. İlk 100 topdan 2/5-ni vurmağı bacarır. Növbəti 75 tennis topundan 1/3-ni vurmağı bacarır. Bütün tennis toplarından neçəsini vura bilmədi?"," İlk 100 topdan Ralf 2/5-ni vura bildi, 3/5-ni vura bilmədi, 3/5 x 100 = 60 tennis topu Ralf vura bilmədi. Növbəti 75 topdan Ralf 1/3-ni vura bildi, 2/3-ni vura bilmədi, 2/3 x 75 = Ralfın vura bilmədiyi 50 tennis topu. Ümumilikdə, Ralf 60 + 50 = <<60+50=110>>110 tennis topu Ralf vura bilmədi. #### 110"
"Cek səhra adasında qalıb. Balıqlarına duz qatmaq üçün bir az duz istəyir. Köhnə bir vedrəyə 2 litr dəniz suyu toplayır. Əgər suyun 20%-i duzdursa, bütün su buxarlananda Cek neçə ml duz alacaq?", Əvvəlcə dəniz suyunun neçə litrinin duz olduğunu tapın: 2 litr * 20% = <<2*20*.01=.4>>.4 litr Sonra bu miqdarı 1000 ml/litr-ə vurun və Cekin əldə etdiyi duz miqdarını tapın: .4 litr * 1000 ml/litr = <<.4*1000=400>>400 ml #### 400
" Brennan məktəb layihəsini araşdırırdı və istinad üçün istifadə etmək üçün internetdən kompüterinə fayl yükləməli oldu. 800 fayl yüklədikdən sonra, o, faydalı olmadığı üçün onların 70%-ni sildi. O, daha 400 fayl yüklədi, lakin yenə də onların 3/5-nin lazımsız olduğunu anladı. İkinci turda yüklədiyi əlaqəsiz faylları sildikdən sonra neçə dəyərli fayl qaldı?","Brennanın birinci turda yüklədiyi dəyərsiz faylların sayı 70/100*800 = <<70/100*800=560>>560 fayldır. Brennanın birinci turda yüklədiyi dəyərli faylların sayı 800-560 = <<800-560=240>>240-dır. O, 400 yeni fayl yüklədikdə, 3/5*400= <<3/5*400=240>>240 faydalı olmayan fayl var idi və o, onları yenidən sildi. İkinci turda yüklədiyi dəyərli faylların ümumi sayı 400-240 = <<400-240=160>>160-dır. Brennanın tədqiqatını yazmaq üçün istinad edəcəyi 160+240 = <<160+240=400>>400 faydalı faylı var idi. #### 400"
" Küçədə 5 ev var və ilk dörd evin hər birinin bağçasında 3 qnom var. Küçədə cəmi 20 qnom varsa, beşinci evdə neçə qnom var?"," İlk dörd evdə cəmi 4 ev var * 3 qnom = <<4*3=12>>12 qnom. Buna görə də, beşinci evdə cəmi 20 qnom var idi – 12 qnom = <<20-12=8>>8 qnom. #### 8"
"Xanım Snyder əvvəllər aylıq gəlirinin 40%-ni kirayə və kommunal xidmətlərə xərcləyirdi. Bu yaxınlarda onun maaşı 600 dollar artırıldı, ona görə də indi kirayə və kommunal xidmətlər aylıq gəlirinin yalnız 25%-ni təşkil edir. Əvvəlki aylıq gəliri nə qədər idi?"," Tutaq ki, onun əvvəlki aylıq gəliri p olsun. Onun kirayə haqqı və kommunal xərclərinin dəyəri p-nin 40%-ni təşkil edirdi ki, bu da (40/100)*p = 2p/5-dir. Onun gəliri 600 dollar artdığı üçün indi p+600-dür. Onun kirayə haqqı və kommunal xərclərinin dəyəri indi (p+600)-nin 25%-ni təşkil edir ki, bu da (25/100)*(p+600) = (p+600)/4-dür. Kirayə haqqı və kommunal xərcləri üçün hər iki ifadəni bərabərləşdirək: 2p/5 = (p+600)/4. Tənliyin hər iki tərəfini 20-yə vurmaqla 8p = 5p+3000 dollar alınır. Hər iki tərəfdən 5p-ni çıxdıqda aşağıdakı nəticə alınır: 3p = 3000 dollar. Hər iki tərəfi 3-ə bölməklə p = 1000 dollar alınır. #### 1000"
" Ann, Bill, Keyt və Deyl hər biri 4 hissəyə bölünmüş fərdi tava pizzaları alırlar. Əgər Bill və Deyl pizzalarının 50%-ni, Enn və Keyt isə pizzaların 75%-ni yeyirlərsə, neçə pizza parçası yeyilməmiş qalır?",Cəmi 4 x 4 = <<4*4=16>>16 pizza parçası var. Bill və Deyl 2 x 4 x 50% = <<2*4*50*.01=4>>4 ədəd yeyirlər. Ann və Keyt 2 x 4 x 75% = <<2*4*75*.01=6>>6 ədəd yeyirlər. Onlardan dördü 4 + 6 = <<4+6=10>>10 ədəd yeyirlər. 16 - 10 = <<16-10=6>>6 yeyilməmiş pizza parçası var. #### 6
" Noah rəssamdır. O, rəsmlər çəkir və parkda satır. Böyük bir rəsm üçün 60 dollar, kiçik bir rəsm üçün isə 30 dollar alır. Keçən ay səkkiz böyük və dörd kiçik rəsm satdı. Əgər bu ay iki dəfə çox satıbsa, bu ay üçün satışları nə qədərdir?"," Noah böyük rəsmlər üçün 60 dollar x 8 böyük rəsm = 480 dollar qazandı. O, həmçinin kiçik rəsmlər üçün 30 dollar x 4 kiçik rəsm = 120 dollar qazandı. Keçən ay onun ümumi satışları 480 dollar + 120 dollar = 480 dollar + 120 dollar = 600 dollar idi. Beləliklə, bu ay onun satışları 600 dollar x 2 = 600 dollar * 2 = 1200 dollar. #### 1200"
"Bir avtomobil çoxlu dönüşlü tuneldən keçir. Bir müddət sonra avtomobil cəmi 4 sağa dönüş tələb edən halqadan keçməlidir. 1-ci dönüşdən sonra 5 metr, 2-ci dönüşdən sonra 8 metr, 3-cü dönüşdən sonra bir az daha irəli gedir və 4-cü dönüşdə dərhal tuneldən çıxır. Əgər avtomobil halqanın ətrafında cəmi 23 metr sürübsə, 3-cü dönüşdən sonra nə qədər məsafə qət etməli olub?"," Verilən məlumatlara əsasən, avtomobil 1-ci döngədə 5 metr + 2-ci döngədən sonra 8 metr + 4-cü döngədən sonra 0 metr = <<5+8+0=13>>halqa ətrafında 13 metr məsafə qət edib. Buna görə də, avtomobil cəmi 23 metr məsafə qət edib - 13 hesablanmış metr = 3-cü döngədən sonra 10 metr. #### 10"
"Kimberin pizza hazırlamaq üçün digər inqrediyentlərlə birlikdə 10 stəkan su, 16 stəkan un və stəkan un sayından 1/2 dəfə çox çay qaşığı duza ehtiyacı var. Pizzanı hazırlamaq üçün lazım olan stəkan su, un və çay qaşığı duzun ümumi sayını hesablayın."," Pizza hazırlamaq üçün Kimber stəkan un sayından iki dəfə az çay qaşığı duz istifadə edir, yəni ona 1/2*16 = <<16*1/2=8>>8 çay qaşığı duz lazımdır. Onun ehtiyac duyduğu stəkan un və çay qaşığı duzun ümumi sayı 8+16 = <<8+16=24>>24-dür. Onun həmçinin 10 stəkan suya ehtiyacı var, yəni onun ehtiyac duyduğu stəkan su, un və çay qaşığı duzun ümumi sayı 24+10 = <<24+10=34>>34 #### 34"
" Cənab Sem müəyyən miqdarda pulu iki oğlu Ken və Toni arasında bölüşdürürdü. Əgər Ken 1750 dollar, Toni isə Kendən iki dəfə çox pul almışdısa, pul nə qədər bölüşdürülürdü?","Toni iki dəfə 1750 dollar qazandı, bu da 2*1750 dollar = $<<2*1750=3500>>3500-ə bərabərdir. Paylaşılan ümumi məbləğ $1750+3500 = $<<1750+3500=5250>>5250 #### 5250"
" Cənab Sançez 5-ci sinif şagirdlərinin 40%-nin yekun qiymətini B-dən aşağı aldığını aşkar etdi. Əgər 5-ci sinifdə 60 şagirdi varsa, neçə şagirdi B və daha yüksək yekun qiyməti almışdır?"," Onun şagirdlərinin 40%-i B-dən aşağı qiymət aldığı üçün cənab Sançezin şagirdlərinin 100% - 40% = 60%-i B və daha yüksək qiymət alıb. Beləliklə, 60 x 60/100 = <<60*60/100=36>>36 şagird yekun qiymətlərində B və daha yüksək qiymət alıb. #### 36"
" Lisa, Cek və Tommi bütün həftə maşın yumaqdan 60 dollar qazandılar. Lakin 60 dolların yarısını Lisa qazandı. Tommi Lisanın qazandığı pulun yarısını qazandı. Lisa Tommidən nə qədər çox pul qazandı?", Lisa 60 dollar * 1/2 = $<<60*1/2=30>>30 qazandı. Tommi 30 dollar * 1/2 = $<<30*1/2=15>>15 qazandı. Lisa Tommidən 30 - 15 dollar = $<<30-15=15>>15 dollar çox qazandı. #### 15
"Beş dost fast food şəbəkəsində yemək yeyir və aşağıdakıları sifariş edirlər: hər biri 3 dollara olan 5 ədəd hamburger; 1.20 dollara olan 4 dəst kartof qızartması; hər biri 0.5 dollara olan 5 stəkan qazlı içki; və 2.7 dollara olan 1 boşqab spagetti. Hesabı bərabər bölsələr, hər biri nə qədər ödəyəcək?"," 5 ədəd hamburgerin qiyməti 3 dollar x 5 = $<<3*5=15>>15-dir. 4 dəst kartof qızartmasının qiyməti 1.20 dollar x 4 = $<<1.20*4=4.80>>4.80-dir. 5 stəkan qazlı içkinin qiyməti 0.5 dollar x 5 = $<<0.5*5=2.50>>2.50-dir. Beləliklə, onların ümumi hesabı 15 dollar + 4.80 dollar + 2.50 dollar + 2.7 dollar = $<<15+4.8+2.5+2.7=25>>25-dir. Beləliklə, beş dostun hər biri 25 dollar/5 dollar = $<<25/5=5>>5 ianə edəcək. #### 5"
" Artemis bir məclis üçün çay dəmləyir. O bilir ki, anası 8 unsiyalıq fincan çay içir və bir unsiya çay istifadə edir. O, məclis üçün də eyni nisbətdən istifadə edəcək. Məclisdə 12 nəfər var və onların hər biri 6 unsiyalıq fincan çay istəyir. Ona neçə unsiya çay lazımdır?","O, 72 unsiya su hazırlayır, çünki 12 x 6 = <<12*6=72>>72 Onun 9 unsiya çaya ehtiyacı var, çünki 72 / 8 = <<72/8=9>>9 #### 9"
" Anna hər evdən 14 ədəd konfet aldığı bir məhəllədə fırıldaqçılıq edir. Qardaşı Billi qonşu məhəllədə fırıldaqçılıq edir və hər evdən 11 ədəd konfet alır. Əgər birinci məhəllədə 60 ev, ikinci məhəllədə isə 75 ev varsa, Anna daha neçə konfet alır?", Əvvəlcə Annanın aldığı konfet parçalarının ümumi sayını tapın: 14 ədəd/ev * 60 ev = 840 ədəd. Sonra Billinin aldığı konfet parçalarının ümumi sayını tapın: 11 ədəd/ev * 75 ev = <<11*75=825>>825 ədəd. Sonra fərqi tapmaq üçün Annanın aldığı ədəddən Billinin aldığı ədədlərin sayını çıxın: 840 ədəd - 825 ədəd = <<840-825=15>>15 ədəd #### 15
Konsert biletinin qiyməti 40 dollardır. Cənab Benson 12 bilet alıb və 10-dan çox alınan hər bilet üçün 5% endirim alıb. Cənab Benson cəmi nə qədər pul ödəyib?," Cənab Benson 12 - 10 = <<12-10=2>>2 biletin hər biri üçün 5% endirim əldə etdi. Beləliklə, həmin iki biletin hər birində 40 dollar x 5/100 = $<<40*5/100=2>>2 endirim var idi. Beləliklə, hər biletin qiyməti 40 dollar - $2 = $<<40-2=38>>38 idi. Beləliklə, iki endirimli biletin qiyməti 38 dollar x 2 = $<<38*2=76>>76-dır. Digər on biletin qiyməti isə 40 dollar x 10 = $<<40*10=400>>400-dür. Beləliklə, cənab Benson cəmi 400 dollar + 76 dollar = $<<400+76=476>>476 ödəyib. #### 476"
" Reyçel və Sara gözəllik və modellik müsabiqəsində iştirak etmək istəyirlər. Hər ikisi yeni ayaqqabı və don almaq istəyirlər. Sara 50 dollara bir cüt ayaqqabı və 200 dollara bir don alır. Reyçel Saranın ayaqqabı və donuna xərclədiyindən iki dəfə çox pul xərcləmək istəyirsə, büdcəsinə nə qədər pul ayırmalıdır?",Reyçelin ayaqqabı cütü üçün büdcə ayırması lazım olan xərc 50 dollar * 2 = $<<50*2=100>>100-dür. Reyçelin paltarı üçün büdcə ayırması lazım olan xərc 200 dollar * 2 = $<<200*2=400>>400-dür. Reyçelin büdcə ayırması lazım olan ümumi məbləğ 100 dollar + 400 dollar = $<<100+400=500>>500-dür. #### 500
" 12 meymundan ibarət bir ailə 10 banan yığdı. 6 yığının 9 əli var idi və hər birində 14 banan var idi. Qalan yığınların isə hər birində 9 banan olan 12 əli var idi. Əgər bananları öz aralarında bərabər bölsələr, hər meymun neçə banan yığardı?", İlk 6 dəstədə 6 x 9 x 14 = <<6*9*14=756>>756 banan var idi. 10 - 6 = <<10-6=4>>4 dəstə qalmışdı. Qalan 4 dəstədə 4 x 12 x 9 = <<4*12*9=432>>432 banan var idi. Cəmi 756 + 432 = <<756+432=1188>>1188 banan var idi. Hər meymun 1188/12 = <<1188/12=99>>99 banan alacaqdı. #### 99
"Zəlzələ dörd binanın çökməsinə səbəb oldu. Mütəxəssislər hər növbəti zəlzələnin əvvəlkindən ikiqat çox çökən binaların olacağını proqnozlaşdırdılar, çünki hər biri təməlləri daha az sabitləşdirəcəkdi. Daha üç zəlzələdən sonra, ilk zəlzələdən olanlar da daxil olmaqla, neçə bina çökdü?"," İkinci zəlzələ 2 * 4 = <<2*4=8>>8 binanın dağılmasına səbəb oldu. Üçüncü zəlzələ 2 * 8 = <<2*8=16>>16 binanın dağılmasına səbəb oldu. Dördüncü zəlzələ 16 * 2 = <<16*2=32>>32 binanın dağılmasına səbəb oldu. Birinci zəlzələ də daxil olmaqla, zəlzələlər 4 + 8 + 16 + 32 = <<4+8+16+32=60>>60 binanın dağılmasına səbəb oldu. #### 60"
" Ceyms Çikaqodakı bir universitetdə birinci kurs tələbəsidir. Onun semestr üçün 1000 dollar büdcəsi var. O, pulunun 30%-ni yeməyə, 15%-ni yaşayışa, 25%-ni əyləncəyə, qalanını isə kurs materiallarına xərcləyir. Kurs materiallarına nə qədər pul xərcləyir?",Yaşayış yeri 15% * $1000=$<<15*.01*1000=150>>150 Yemək 30% * $1000=$<<30*.01*1000=300>>300 Əyləncə 25% * $1000=$<<25*.01*1000=250>>250 Kurs materialları beləliklə $1000-($150+$300+$250) = $300 #### 300
" Avanın ad günüdür. Valideynləri 13 dollara təkbuynuzlu pinatalar alıb, içini onun ən sevdiyi şirniyyatlarla doldurdular. Onlar hər biri 9 dollara 4 paket Reese's, hər biri 5 dollara 3 paket Snickers və hər biri 7 dollara 5 paket Skittles aldılar. Təkbuynuzlu pinatalar və şirniyyatlar cəmi nə qədərə başa gəldi?"," Reese's-in dörd çantasının qiyməti 9 dollar x 4 = $<<9*4=36>>36. Snickers-in üç çantasının qiyməti 5 dollar x 3 = $<<5*3=15>>15. Skittles-in beş çantasının qiyməti 7 dollar x 5 = $<<7*5=35>>35. Buna görə də, təkbuynuzlu piñata və şirniyyatlar 13 dollar + 36 dollar + 15 dollar + 35 dollar = $<<13+36+15+35=99>>99. #### 99"
"Kerolin gündə 20 dəqiqə pianoda, üç dəfə isə skripkada ifa edir. Əgər həftədə altı gün məşq edirsə, dörd həftəlik bir ayda neçə dəqiqə məşq edir?", Əvvəlcə Kerolinin fortepiano məşq vaxtını üçqat artıraraq ümumi skripka məşq vaxtını tapın: 20 dəqiqə/gün * 3 = <<20*3=60>>60 dəqiqə/gün Sonra onun hər gün məşq etməyə sərf etdiyi ümumi vaxtı tapın: 60 dəqiqə/gün + 20 dəqiqə/gün = <<60+20=80>>80 dəqiqə/gün Sonra onun hər həftə məşq etməyə sərf etdiyi ümumi vaxtı tapın: 80 dəqiqə/gün * 6 gün/həftə = <<80*6=480>>480 dəqiqə/həftə Sonra onun hər ay məşq etməyə sərf etdiyi ümumi vaxtı tapın: 480 dəqiqə/həftə * 4 həftə/ay = <<480*4=1920>>1920 dəqiqə/ay #### 1920
" 90 meqabayt ölçüsündə olan fayl ilk 60 meqabaytında saniyədə 5 meqabayt, daha sonra isə saniyədə 10 meqabayt sürətlə yüklənir. Tamamilə yükləmək üçün nə qədər vaxt lazımdır (saniyələr)?",İlk 60 meqabayt 60/5=<<60/5=12>>12 saniyə çəkir. 90-60=<<90-60=30>>30 meqabayt qalır. Qalan 30 meqabayt 30/10=<<30/10=3>>3 saniyə çəkir. Və 12+3=<<12+3=15>>15 saniyə çəkir. #### 15
" Sem Karlosun əzbərlədiyindən altı rəqəm çox pi ədədini əzbərləmişdi. Mina Karlosun əzbərlədiyindən altı dəfə çox pi rəqəmini əzbərləmişdi. Əgər Mina pi ədədinin 24 rəqəmini əzbərləmişdisə, Sem neçə rəqəm əzbərləmişdi?", Karlos 24/6=<<24/6=4>>Pi ədədinin 4 rəqəmini əzbərləyib. Sem isə 4+6=10 Pi rəqəmini əzbərləyib. #### 10
" Dəniz sahilinə məktəb gəzintisi zamanı Alan və dostları dəniz mərmisi yığdılar. Alan Bendən dörd dəfə çox dəniz mərmisi yığdı. Ben gec başladı və Lorinin topladığından yalnız üçdə birini topladı. Əgər Lori 36 dəniz mərmisi yığırdısa, Alan neçə dəniz mərmisi toplayardı?", Ben 36/3=<<36/3=12>>12 mərmi Alan 12*4=<<12*4=48>>48 mərmi toplayıb #### 48
"Gerald beysbol ləvazimatlarına ayda 100 dollar xərcləyir. Onun mövsümü 4 ay davam edir. Beysbol oynamadığı ayları qazonları dırmaşdırmaq, kürəkləmək və biçməklə pul yığmaq üçün istifadə etmək istəyir. Hər biri üçün 10 dollar alır. Ləvazimatları üçün ayda orta hesabla neçə iş görməlidir?"," O, 400 dollar qənaət etməlidir, çünki 4 x 100 = <<4*100=400>>400 Bu pulu qazanmaq üçün 8 ayı var, çünki 12 - 4 = <<12-4=8>>8 O, ayda 50 dollar qazanmalıdır, çünki 400 / 8 = <<400/8=50>>50 O, ayda 5 tapşırıq yerinə yetirməlidir, çünki 50 / 10 = <<50/10=5>>5 #### 5"
" Ann pərdələr düzəltmək üçün parça kəsir. O, qonaq otağı üçün 4 fut x 6 fut, yataq otağı üçün isə 2 fut x 4 fut ölçülü düzbucaqlı kəsir. Əgər parçanın boltunun ölçüsü 16 fut x 12 futdursa, kvadrat futla nə qədər parça qalıb?","Əvvəlcə orijinal parça boltunun neçə kvadrat fut olduğunu hesablayın: 16 fut * 12 fut = <<16*12=192>>192 kvadrat fut Sonra Ann-in qonaq otağı pərdələri üçün nə qədər parça aldığını hesablayın: 4 fut * 6 fut = <<4*6=24>>24 kvadrat fut Sonra Ann-in vanna otağı pərdələri üçün nə qədər parça aldığını hesablayın: 2 fut * 4 fut = <<2*4=8>>8 kvadrat fut Nəhayət, hər iki pərdə dəstinin kvadrat futunu ümumi kvadrat futdan çıxın: 192 - 24 - 8 = <<192-24-8=160>>160 kvadrat fut #### 160"
" Arnelin hər qutuda eyni sayda qələm olan on qutu karandaş var idi. O, on karandaş saxladı və qalan karandaşları beş dostu ilə bərabər bölüşdürdü. Əgər dostlarının hər birində səkkiz karandaş varsa, hər qutuda neçə karandaş var?"," Arnel dostları ilə 5 x 8 = <<5*8=40>>40 qələm paylaşdı. Beləliklə, onun cəmi 10 + 40 = <<10+40=50>>50 qələmi var idi. Buna görə də, hər qutunun içərisində 50/10 = <<50/10=5>>5 qələm var idi. #### 5"
"Keleb 10 qutu dondurma və 4 qutu dondurulmuş qatıq aldı. Hər dondurma qutusu 4 dollar, hər dondurulmuş qatıq qutusu isə 1 dollar idi. Keleb dondurmaya dondurulmuş qatıqdan nə qədər çox pul xərclədi?", Dondurmanın qiyməti 10 × 4 dollar = $<<10*4=40>>40-dır. Dondurulmuş qatığın qiyməti 4 × 1 dollar = $<<4*1=4>>4-dür. Keleb dondurmaya dondurulmuş qatıqdan 40 dollar − 4 dollar = 36 dollar daha çox pul xərcləyib. #### 36
" Leah məhəllədə təsadüfi işlərdə işləyərək 28 dollar qazanırdı. O, pulun yeddidə birini süd kokteyli almağa xərcləyir, qalan pulun yarısını isə əmanət hesabına qoyur. Qalan pulu cüzdanında saxlayırdı. İti onun cüzdanını götürüb içindəki bütün pulları xırdalayır, amma 1 dollar. Leah neçə dollar itirdi?","Leah 28 / 7 = $<<28/7=4>>4 milkshake xərclədi. Onun 28 - 4 = $<<28-4=24>>24 qalmışdı. Yarısını əmanət hesabına, yarısını isə cüzdanına qoydu, beləliklə, cüzdanında 24 / 2 = $<<24/2=12>>12 qaldı. İti cüzdanındakı bütün pulları xırdaladı, amma 1 dollar, beləliklə, Leah 12 - 1 = $<<12-1=11>>11 itirdi. #### 11"
 Bağda 25 qızılgül var. 40 lalə var. 35 papatya var. Çiçəklərin neçə faizi qızılgül deyil?," Cəmi 25+40+35=<<25+40+35=100>>100 çiçək var. 40+35=<<40+35=75>>75 gül olmayan çiçək var. Buna görə də, (75/100)*100=<<(75/100)*100=75>>Çiçəklərin 75%-i gül deyil. #### 75"
" Leonun tapşırığı üç hissəyə bölünmüşdü. O, tapşırığın birinci hissəsini 25 dəqiqəyə bitirdi. İkinci hissəni bitirmək üçün iki dəfə çox vaxt lazım oldu. Əgər tapşırığını 2 saata bitirə bilsəydi, Leo tapşırığın üçüncü hissəsini neçə dəqiqəyə bitirdi?","Tapşırığın ikinci hissəsini Leoya 25 x 2 = <<25*2=50>>50 dəqiqə vaxt sərf etdi. Leoya tapşırığın birinci və ikinci hissələrini 25 + 50 = <<25+50=75>>75 dəqiqəyə tamamladı. O, bütün tapşırığı 60 x 2 = <<60*2=120>>120 dəqiqəyə tamamladı. Buna görə də, Leoya tapşırığın üçüncü hissəsini tamamlamaq üçün 120 - 75 = <<120-75=45>>45 dəqiqə vaxt sərf etdi. #### 45"
" Liza peçenye hazırlamaq üçün 10 kiloqram kərə yağı aldı. O, bunun yarısını şokolad parçaları ilə hazırlanmış peçenye, beşdə birini fıstıq yağı ilə hazırlanmış peçenye və qalan yağın üçdə birini şəkərli peçenye üçün istifadə etdi. Bu üç növ peçenye hazırladıqdan sonra neçə kiloqram kərə yağı qalır?","Liza şokoladlı peçenye üçün 10/2 = <<10/2=5>>5 kiloqram kərə yağı istifadə etdi. Sonra o, fıstıq yağı peçenyeləri üçün 10/5 = <<10/5=2>>2 kiloqram kərə yağı istifadə etdi. O, şokolad və fıstıq yağı peçenyeləri üçün 5 + 2 = <<5+2=7>>7 kiloqram kərə yağı istifadə etdi. Beləliklə, yalnız 10 -7 = <<10-7=3>>3 kiloqram kərə yağı qaldı. Sonra Liza şəkərli peçenyelər üçün 3/3 = <<3/3=1>>1 kiloqram kərə yağı istifadə etdi. Buna görə də, yalnız 3-1 = <<3-1=2>>2 kiloqram kərə yağı qaldı. #### 2"
" Statistika tələbəsi orta məktəb şagirdlərinin orta gündəlik təqaüdünü öyrənmək istəyir. Onun sorğusuna görə, şagirdlərin 2/3-ü gündə orta hesabla 6 dollar, qalanları isə gündə orta hesabla 4 dollar təqaüd alır. Əgər o, 60 şagird arasında sorğu keçiribsə, həmin 60 şagirdin bir gündə ümumi qazancı nə qədərdir?",60 tələbə x 2/3 = <<60*2/3=40>>Gündəlik 6 dollar müavinəti olan 40 tələbə var. 60 tələbə isə - 40 tələbə = <<60-40=20>>Gündəlik 4 dollar müavinəti olan 20 tələbə var. Gündəlik 6 dollar alan 40 tələbənin müavinətlərinin cəmi 40 tələbə x 6 dollar/gün = $<<40*6=240>>240-dır. Gündəlik 4 dollar alan 20 tələbənin müavinətlərinin cəmi 20 tələbə x 4 dollar/gün = $<<20*4=80>>80-dir. Həmin 60 tələbənin ümumi gündəlik pul məbləği 240 dollar + 80 dollar = $<<240+80=320>>320-dir. #### 320
" Coan hər saat ticarət mərkəzinin içindəki fəvvarədən sikkələri yığmalıdır. İlk saat ərzində o, 15 sikkə topladı. Növbəti iki saat ərzində o, fəvvarədən 35 sikkə topladı. Dördüncü saatda o, fəvvarədən 50 sikkə topladı, lakin qazlı içki almaq üçün onlardan 15-ni iş yoldaşına verdi. Dördüncü saatdan sonra onun neçə sikkəsi qaldı?",Birinci saatda 15 sikkə toplandı İkinci saatda 35 sikkə toplandı Üçüncü saatda 35 sikkə toplandı Dördüncü saatda 50 sikkə toplandı Həmkarına bir neçə sikkə verməzdən əvvəl 15+35+35+50=<<15+35+35+50=135>>135 sikkə var idi. Həmkarına 15 verildikdən sonra qalan sikkələrin sayı 135-15=<<135-15=120>>120 #### 120
" Cerrinin iki qızı müxtəlif komandalarda softbol oynayır. Onların hər biri bu mövsüm 8 oyun keçirir. Hər komanda oynadığı hər oyun üçün 4 saat məşq edir. Əgər hər oyun 2 saat davam edərsə, Cerri meydanda qızlarının oyununu və məşqini izləmək üçün cəmi neçə saat vaxt keçirəcək?","Cerri 8 oyun x hər oyunda 2 saat = <<8*2=16>>16 saat bir qızının oyunlarını izləyəcək. O, 16 x 2 = <<16*2=32>>32 saat hər iki qızının oyunlarını izləyəcək. O, 8 oyun x 4 saat məşq = <<8*4=32>>32 saat bir qızının məşqini izləyəcək. O, 32 x 2 = <<32*2=64>>64 saat hər iki qızının məşqini izləyəcək. O, cəmi 32 saat oyun izləyəcək + 64 saat məşq izləyəcək = <<32+64=96>>96 saat. #### 96"
" Ayı qış üçün qış yuxusuna hazırlaşır və 1000 funt çəki almalıdır. Yayın sonunda ayı giləmeyvə və kiçik meşə heyvanları ilə qidalanır. Payızda palıd qozası və qızılbalıq yeyir. Yayda giləmeyvələrdən lazım olan çəkinin beşdə birini, payızda isə palıd qozasından ikiqat çəki almışdır. Qızılbalıq qazanmaq üçün lazım olan qalan çəkinin yarısını təşkil edirdi. Kiçik heyvanları yeyərək neçə funt çəki almışdır?","Ayı giləmeyvələrdən 1 / 5 * 1000 = <<1/5*1000=200>>200 funt çəki aldı. O, palıd qozasından 2 * 200 = <<2*200=400>>400 funt çəki aldı. Ona hələ də 1000 - 200 - 400 = <<1000-200-400=400>>400 funt çəki lazım idi. Beləliklə, o, qızılbalıqdan 400 / 2 = <<400/2=200>>200 funt çəki aldı. Buna görə də, ayı kiçik heyvanlardan 400 - 200 = <<400-200=200>>200 funt çəki aldı. #### 200"
" 24 qutuda 290 litr yağ var. Əgər qutulardan 10-u hər birinə 8 litr yağ tutursa, qalan qutuların hər birində nə qədər yağ var?", 10 qutu hər biri 8 litr olmaqla cəmi 10 * 8 = <<10*8=80>>80 litr tutur. 290 - 80 = <<290-80=210>>210 litr qalıb. 24 - 10 =<<24-10=14>>14 qutu qalıb. Qalan qutuların hər birində 210 / 14 = <<210/14=15>>15 litr su var. #### 15
"Şonanın məşq məqsədi 30 dəfə təkrarlamaqdır. Bazar ertəsi günü Şon yalnız 12 təkrar edə bildi, ona görə də çərşənbə axşamı qalanını kompensasiya etmək qərarına gəldi. Lakin çərşənbə axşamı günü yalnız 19 təkrar edə bildi. Şonanın minimum hədəfinə çatmaq və etmədiyi təkrarları kompensasiya etmək üçün çərşənbə günü neçə təkrar etməli idi?", Bazar ertəsi günü Şonaya 30 - 12 = <<30-12=18>>18 təkrarlama çatışmırdı. Çərşənbə axşamı günü Şonaya 30 - 19 = <<30-19=11>>11 təkrarlama çatışmırdı. Çərşənbə günü Şonaya 30 + 18 + 11 = <<30+18+11=59>>59 təkrarlama etməli idi #### 59
" Ceyms əsas işində işləyərkən saatda 20 dollar qazanır. İkinci işində işləyərkən 20% az qazanır. Əsas işində 30 saat, ikinci işində isə bunun yarısı qədər işləyir. Həftədə nə qədər qazanır?","Ceyms ikinci işində işləyərkən 20*.2=$<<20*.2=4>>4 az qazanır. Beləliklə, o, saatda 20-4=$<<20-4=16>>16 qazanır. İlk işində 20*30=$<<20*30=600>>600 qazanır. O, ikinci işində 30/2=<<30/2=15>>15 saat işləyir. Beləliklə, o, 15*16=$<<15*16=240>>240 qazanır. Beləliklə, o, həftədə 600+240=$<<600+240=840>>840 qazanır. #### 840"
" Li bir qazon biçir və 33 dollar alır. Keçən həftə o, 16 qazon biçdi və üç müştərinin hər biri ona 10 dollarlıq çaypulu verdi. Li keçən həftə qazon biçməklə neçə dollar qazandı?", 33 * 16 = $<<33*16=528>>528 3 * 10 = $<<3*10=30>>30 528 + 30 = $<<528+30=558>>558 Li keçən həftə qazon biçməklə 558 dollar qazandı. #### 558
" Tara 1000 dollara başa gələn noutbuk almağı planlaşdırır. Kompüter mağazası 20% ilkin ödəniş etmək şərti ilə ayda 65 dollar hissə-hissə ödəniş qəbul edir. Əgər Tara ilkin ödəniş üçün əlavə 20 dollar ödəmək istəyirsə, 4 ay ərzində ödəniş etdikdən sonra onun balansı nə qədər olacaq?","Tara 1000 dollar x 20/100 = $<<1000*20/100=200>>200 ilkin ödəniş etməlidir. Tara ilkin ödəniş üçün daha 20 dollar ödəmək istədiyi üçün onun ümumi ilkin ödənişi 200 dollar + 20 dollar = $<<200+20=220>>220 olacaq. Beləliklə, onun bir il ərzində ödəniləcək qalan məbləği 1000 - $220 = $<<1000-220=780>>780-dir. Tara aylıq ödənişi ildə 780 dollar / 12 ay/il = $<<780/12=65>>65/ay etməlidir. Onun 4 aylıq ödənişlərinin ümumi dəyəri ayda 65 dollar x 4 ay = $<<65*4=260>>260-dır. Buna görə də, Taranın 4 aydan sonrakı balansı 780 - 260 dollar = 520 dollardır. #### 520"
" Jesse və Mia bir həftəlik yarışda yarışırlar. Onların 30 mil qaçmaq üçün bir həftəsi var. İlk üç gündə Jesse orta hesabla (2/3) mil qaçır. Dördüncü gündə o, 10 mil qaçır. Mia ilk 4 gündə orta hesabla gündə 3 mil qaçır. Son üç gündə qaçmalı olduqları orta göstəricinin ortalaması nə qədərdir?","Jesse ilk üç gündə 2 mil qaçır, çünki 3 x (2/3) = <<3*(2/3)=2>>2 Jesse-nin qaçmaq üçün 18 mili qalıb, çünki 30 - 10 - 2 = <<30-10-2=18>>18 Jesse gündə orta hesabla 6 mil qaçmalıdır, çünki 18 / 3 = <<18/3=6>>6 Mia ilk dörd gündə 12 mil qaçır, çünki 4 x 3 = <<4*3=12>>12 Onun qaçmaq üçün 18 mili qalıb, çünki 30 - 12 = <<30-12=18>>18 O, gündə altı mil qaçmalıdır, çünki 18 / 3 = <<18/3=6>>6 Hər ikisinin qaçmalı olduqları ümumi məsafə <<12=12>>gündə 12 mildir. Orta hesabla gündə qaçmalı olduqları orta məsafə 6 mildir, çünki 12 / 2 = <<12/2=6>>6 #### 6"
" Elzanın əlindəki sikkələrin Amalieninkinə nisbəti 10:45-dir. Əgər onların ümumi sikkələrinin sayı 440-dırsa və Amalienin 3/4 hissəsini oyuncaqlara xərcləyirsə, neçə ədədi ilə qalacaq?","Hər ikisinin sahib olduğu sikkələrin ümumi nisbəti 10+45 = <<10+45=55>>55-dir. Amalienin sahib olduğu sikkələrin sayını təmsil edən nisbətin kəsri 45/55-dir və hər ikisinin sahib olduğu sikkələrin ümumi sayı 440 olduğundan, Amalienin 45/55*440 = <<45/55*440=360>>360 sikkəsi var. Amalienin sahib olduğu pulun 3/4 hissəsini xərclədikdə, o, 3/4*360 = <<3/4*360=270>>270 sikkədən imtina edir. Onun hələ də 360 sikkəsi var - 270 sikkə = <<360-270=90>>90 sikkə #### 90"
 Karli hər biri 5 qolu olan 7 dəniz ulduzu və 14 qolu olan bir dəniz ulduzu topladı. Topladığı heyvanların cəmi neçə qolu var?, Əvvəlcə dəniz ulduzu qollarının ümumi sayını tapın: 7 dəniz ulduzu * 5 qol/dəniz ulduzu = <<7*5=35>>35 qol Sonra dəniz ulduzu qollarının ümumi sayını tapmaq üçün dəniz ulduzu qollarının sayını toplayın: 35 qol + 14 qol = <<35+14=49>>49 qol #### 49
" Timin Martadan 30 az alması var, Harrinin isə Timdən iki dəfə az alması var. Əgər Martanın 68 alması varsa, Harrinin neçə alması var?",Timin 68-30 = <<68-30=38>>38 alma var. Harrinin 38/2 = <<38/2=19>>19 alma var. #### 19
 Hillari bit bazarında əl işi sənətkarlıq məhsullarını hər birini 12 dollara satır. Bu gün Hillari 3 sənətkarlıq məhsulu satır və minnətdar bir müştəridən əlavə 7 dollar alır. Daha sonra Hillari bugünkü mənfəətindən 18 dolları bank hesabına yatırır. Depozit qoyduqdan sonra Hillari neçə dollar qazanır?," Hillari hər birini 12 dollara 3 sənətkarlıq məmulatı satır, cəmi 3 sənətkarlıq * 12 dollar/sənətkarlıq = $<<3*12=36>>36 O, müştəridən əlavə 7 dollar alır və bununla da ümumi məbləğ 36 dollar + 7 dollar = $<<36+7=43>>43-ə çatır. Daha sonra o, banka 18 dollar yatırır və onun 43 - 18 dollar = 25 dolları qalır. #### 25"
"Nensi akvariumda balıqları üçün su doldurur. O, akvariumu yarıya qədər doldurur və qapını açmağa gedir. O, gedərkən pişiyi akvariumu aşırır və içindəki suyun yarısını tökür. Sonra Nensi geri qayıdır və akvariumdakı suyun miqdarını üç dəfə artırır. Əgər akvariumun uzunluğu 4 fut, eni 6 fut və hündürlüyü 3 futdursa, akvariumda neçə kub fut su var?"," Əvvəlcə akvariumun həcmini onun uzunluğunu, enini və hündürlüyünü vurmaqla hesablayın: 4 fut * 6 fut * 3 fut = <<4*6*3=72>>72 kub fut Sonra pişik onu yıxdıqdan sonra akvariumun hansı hissəsinin dolu olduğunu tapın: 1/2 * 1/2 = 1/4 Sonra Nensi onu yenidən doldurduqdan sonra akvariumun hansı hissəsinin dolu olduğunu tapın: 3 * 1/4 = 3/4 İndi dolu akvariumun nisbətini akvariumun həcminə vurun ki, orada nə qədər su olduğunu öyrənəsiniz: 72 kub fut * 3/4 = <<72*3/4=54>>54 kub fut #### 54"
"Oyundan sonra beysbol komandası üçün qəlyanaltı hazırlamaq növbəsi Rocerdədir və o, cığır qarışığı gətirmək qərarına gəlib. Cığır qarışığı 6 fərdi paketdən ibarət paketlərdə gəlir. Rocerin beysbol komandasında 13 üzvü, üstəgəl 3 məşqçisi və 2 köməkçisi var. Onun neçə paket cığır qarışığı alması lazımdır?"," Rocer 13 + 3 + 2 = <<13+3+2=18>>18 paket cığır qarışığına ehtiyac duyacaq. Cığır qarışığı paketlərinin miqdarını hər paketdəki miqdara bölsək, 18 / 6 = <<18/6=3>>3 paket cığır qarışığı alınır. #### 3"
 Dörd nəfər cəmi 103 kiloqram arıqladı. Birinci şəxs 27 kiloqram arıqladı. İkinci şəxs birinci şəxsdən 7 kiloqram az arıqladı. Qalan iki nəfər də eyni miqdarda arıqladı. Son iki nəfərin hər biri neçə kiloqram arıqladı?, İkinci şəxs = 27 - 7 = <<27-7=20>>20 kq 103 - 27 - 20 = <<103-27-20=56>>56 kq 56/2 = <<56/2=28>>28 kq Son iki nəfərin hər biri 28 kiloqram çəki itirib. #### 28
"Deyl və Endryu kafedə səhər yeməyi yedilər. Bir dilim tost 1 funt sterlinqə, yumurta isə 3 funt sterlinqə başa gəldi. Deyldə 2 dilim tost və 2 yumurta var idi. Endryuda 1 dilim tost və 2 yumurta var idi. Onların səhər yeməyi nə qədərə başa gəldi?", Deylin tostunun qiyməti 2 × 1 dollar = $<<2*1=2>>2-dir. Endryu tostunun qiyməti 1 × 1 dollar = $<<1*1=1>>1-dir. Deylin yumurtasının qiyməti 2 × 3 dollar = $<<2*3=6>>6-dır. Endryu yumurtasının qiyməti 2 × 3 dollar = $<<2*3=6>>6-dır. Onların səhər yeməyinin qiyməti 2 dollar + 1 dollar + 6 dollar + 6 dollar = $<<2+1+6+6=15>>15-dir. #### 15
" Bağ xiyarlardan 237 kartof, 60 az xiyar və iki dəfə çox bibər istehsal etmişdir. Bağ neçə tərəvəz istehsal etmişdir?", Bağda 237 kartof istehsal olunub - 60 = <<237-60=177>>177 xiyar. Bağda 177 xiyar * 2 bibər/xiyar = <<177*2=354>>354 bibər. Bağda 237 kartof + 177 xiyar + 354 bibər = <<237+177+354=768>>768 tərəvəz istehsal olunub. #### 768
"Boksçunun döyüşdən 4 ay sonra çəkisi 97 kq-dır. O, döyüş gününə qədər ayda 3 kq arıqlamağa imkan verən bir pəhriz saxlayır. Döyüş günü nə qədər çəki çəkəcək?"," 4 ay ərzində o, 3 x 4 = <<3*4=12>>12 kiloqram arıqlayacaq. Beləliklə, onun çəkisi 97 – 12 = <<97-12=85>>85 kiloqram olacaq. #### 85"
" Manninin 24 sinif yoldaşı və müəllimi cənab Keytlə bölüşmək üçün 3 ad günü peçenyesi piroqu var idi. Əgər peçenye piroqlarının hər biri 10 dilimə kəsilmişsə və Menni, sinif yoldaşları və cənab Keytdə 1 ədəd qalıbsa, neçə dilim qalıb?", Cəmi 3 x 10 = <<3*10=30>>30 peçenye dilimi var. Peçenye tikələrini yeyən 24 + 1 + 1 = <<24+1+1=26>>26 nəfər var. 30 - 26 = <<30-26=4>>4 peçenye dilimi qalıb. #### 4
 Ceyms müəllimliyə 40 il sərf edib. Onun həyat yoldaşı 10 il az müəllimlik edib. Onların ümumi təcrübəsi nə qədərdir?,"Onun ortağı 40-10=<<40-10=30>>30 ildir ki, müəllimlik edir. Beləliklə, onların birlikdə 40+30=<<40+30=70>>70 illik təcrübəsi var #### 70"
" Cennifer, sinif yoldaşı Markla görüşməzdən əvvəl mağazadan 40 qutu süd aldı. Mark da süd alırdı. Cennifer Markın aldığı hər 5 qutu üçün əlavə 6 qutu aldı. Əgər Mark 50 qutu alıbsa, Cennifer mağazadan evə neçə qutu süd gətirdi?"," Əgər Mark 50 qutu süd alıbsa, Cenniferin Markın aldığı hər 5 qutuya 6 qutu əlavə etmə sayı 50/5 = <<50/5=10>>10 dəfədir. Aldığı əlavə qutuların ümumi sayı 10*6 = <<10*6=60>>60 qutudur. Əgər əvvəlcə 40 qutusu varsa, evə 40+60 = <<40+60=100>>100 qutu süd ilə gedib. #### 100"
"Tənəffüsdə Sem və Ceff arasında tullanma yarışı keçirildi. Yarış dörd raunddan ibarət idi. Sem birinci raundda Ceffdən 1 dəfə çox tullanma etdi. Ceff ikinci raundda Semdən 3 dəfə az tullanma etdi. Ceff üçüncü raundda Semdən 4 dəfə çox tullanma etdi. Ceff yoruldu və son raundda Semdən fərqli olaraq tullanma sayının yalnız yarısını tamamladı. Əgər Sem hər raundda 16 dəfə tullanma edibsə, Ceff hər raundda orta hesabla nə qədər tullanma yerinə yetirir?", Birinci raundda Jeff 16 - 1 = <<16-1=15>>15 xal topladı. İkinci raundda Jeff 16 - 3 = <<16-3=13>>13 xal topladı. Üçüncü raundda Jeff 16 + 4 = <<16+4=20>>20 xal topladı. Dördüncü raundda Jeff 16 / 2 = <<16/2=8>>8 xal topladı. Jeff 15 + 13 + 20 + 8 = <<15+13+20+8=56>>cəmi 56 xal topladı. Jeff orta hesabla hər raundda 56 / 4 = <<56/4=14>>14 xal topladı. #### 14
"İrene həftədə 40 saat işləsə 500 dollar qazanır və hər saat əlavə iş üçün əlavə 20 dollar alır. Əgər o, keçən həftə 50 saat işləyibsə, onun ümumi gəlirini hesablayın."," Əgər İrene ötən həftə 50 saat işləyibsə, əlavə iş saatları kimi hesablanan ümumi saatların sayı 50-40 = <<50-40=10>>10 saatdır. Əlavə iş saatlarının hər saatı üçün 20 dollar aldığı üçün əlavə iş saatlarında 10*$20 = $<<10*20=200>>200 qazanıb. Əlavə iş saatları da daxil olmaqla, onun ümumi gəliri 500$+$200= $<<500+200=700>>700-dür. #### 700"
" Paytinin 20 qırmızı və 24 mavi papağı var. Rəfiqəsi Zolanın özündən 4/5 dəfə çox qırmızı papağı və mavi papaqların sayından iki dəfə çoxdur. Əgər bütün papaqları birləşdirib öz aralarında bərabər bölüşdürsələr, hər birinin neçə papaq aldığını hesablayın.","Paytinin cəmi 20 papağı + 24 papağı var = <<20+24=44>>44 papağı var. Zolanın qırmızı papağının sayı 4/5 * 20 papağı = <<4/5*20=16>>16 papağı var. Zolanın da 2 * 24 papağı var = <<2*24=48>>48 mavi papağı var. Zolanın cəmi 48 papağı + 16 papağı var = <<48+16=64>>64 papağı var. Papaqlarını birləşdirəndə 64 papağı + 44 papağı var = <<64+44=108>>108 papağı olur. Əgər papağı bərabər bölüşdürsələr, hər biri 108 papaq / 2 nəfər = <<108/2=54>>54 papaq/adam #### 54"
 Hans oteldə otaq sifariş etdi. Otelin 10 mərtəbəsi var və hər mərtəbədə 10 eyni otaq var. Qəza səbəbindən sonuncu mərtəbə qonaqlar üçün əlçatan deyil. Başqa qonaq olmadığı üçün Hans neçə fərqli otağa yerləşdirilə bilər?," Otelin cəmi 10 mərtəbəsi var * 10 otaq/mərtəbə = <<10*10=100>>100 otaq. Bir mərtəbə boşdur, ona görə də Hansı 100 otağa bölmək olar - 10 otaq = <<100-10=90>>90 boş otaq. #### 90"
"Dörd sinif yoldaşı doğum aylarına əsasən yaşlarını müqayisə edirdilər. Onlar məlum oldu ki, Jolyn Therese-dən 2 ay, Therese isə Aivo-dan 5 ay böyükdür. Sonra Leon Aivo-dan 2 ay böyükdür. Jolyn Leon-dan aylarla nə qədər böyükdür?"," Jolyn 2 + 5 = <<2+5=7>>Ayvodan 7 ay böyükdür. Leon Ayvodan 2 ay böyük olduğundan, Jolyn Leondan 7 - 2 = 5 ay böyükdür. #### 5"
" Peter qazlı içki almaq üçün mağazaya gedir. Qazlı içkinin unsiyası 0,25 dollardır. Özü ilə 2 dollar gətirdi və 0,50 dollarla getdi. Neçə unsiya qazlı içki aldı?"," O, qazlı içkiyə 1,5 dollar xərcləyir, çünki 2 - .5 = <<2-.5=1,5>>1,5 O, 6 unsiya qazlı içki alıb, çünki 1,5 / .25 = <<6=6>>6 #### 6"
" Conun inəyinin çəkisi 400 funtdur. O, çəkisini başlanğıc çəkisindən 1,5 dəfəyə qədər artırıb. O, inəyin funtunu 3 dollara sata bilir. Çəki artdıqdan sonra onun dəyəri nə qədər artacaq?","İnək əvvəlcə 400*1.5=<<400*1.5=600>>600 funt çəkidə idi. Beləliklə, o, 600 - 400 = <<600-400=200>>200 funt çəki aldı. Beləliklə, onun dəyəri 200*$3 = $<<200*3=600>>600 artdı. #### 600"
" Brandon keçən il 86 gekkon satdı. O, bir il əvvəl iki dəfə çox gekkon satdı. Brandon son iki ildə neçə gekkon satıb?", Keçən il: 86 gekkon 2 il əvvəl: 86(2)=172 Satılan gekkonların ümumi sayı 86+172=<<86+172=258>>258 gekkon #### 258
" Kristian kitabxanada işləyir. O, hər gün orta hesabla 40 kitab götürür. Hər cümə günü onun götürdüyü kitabların sayı gündəlik orta göstəricidən təxminən 40% çoxdur. Əgər kitabxana bazar ertəsindən cümə gününə qədər açıqdırsa, o, həftədə neçə kitab götürür?","Cümə günü borc götürülən kitabların sayı 40 * 40/100 = <<40*40/100=16>>16 kitab qədər çoxdur. Bazar ertəsindən cümə gününə qədər 5 gün var, buna görə də Krystian bu müddət ərzində orta hesabla 5 * 40 = <<5*40=200>>200 kitab borc alır. Cümə günü borc götürülən kitabların sayında artımla Krystian bir həftə ərzində 200 + 16 = <<200+16=216>>216 kitab borc alır. #### 216"
" Herman quşları dekabr, yanvar və fevral aylarında yemləməyi sevir. O, onlara səhər yarım stəkan, günortadan sonra isə yarım stəkan yem verir. Üç ay ərzində ona neçə stəkan yem lazım olacaq?"," Dekabrda 31 gün, yanvarda 31 gün və fevralda 28 gün var, cəmi 31+31+28 = <<31+31+28=90>>90 gün. O, onlara səhər 1/2 stəkan, günortadan sonra isə 1/2 stəkan verir, cəmi 1/2+1/2 = <<1/2+1/2=1>>1>>gündə 1 stəkan. Əgər o, onlara 90 gün ərzində gündə 1 stəkan verirsə, onda ona 1*90 = <<1*90=90>>90 stəkan quş toxumu lazım olacaq #### 90"
"Con performans bonusları təklif edən bir işdə işləyir. O, gündə 80 dollar qazanır və 8 saat işləyir. Gündə əlavə 20 dollar performans bonusu qazanmaq üçün çox çalışmaq seçimi var, lakin əlavə səy iş gününün 2 saat uzadılmasına səbəb olur. Con bonusu qazanmaq qərarına gələrsə, saatda nə qədər qazanacaq?"," Əvvəlcə, Conun bonus qazanmaq qərarına gəldiyi təqdirdə onun iş gününün uzunluğunu müəyyən etməliyik. Bunu onun iş günü üçün 8+2= <<8+2=10>>10 saat hesablamaqla edirik. Daha sonra onun ümumi əmək haqqını müəyyən etməliyik. Bunu gündə 80+20=<<80+20=100>>100 dollar hesablamaqla edirik. Daha sonra Conun əmək haqqını işlənilən saatların sayına bölməklə saatda 100/10= <<100/10=10>>10 dollar hesablamaqla onun saatlıq əmək haqqını müəyyən edirik. #### 10"
"Salli və Bob ilin sonunda səyahətə çıxmağı planlaşdırırlar. Hər ikisi dayə kimi işləməyə və qazandıqlarının yarısını səyahətləri üçün yığmağa qərar verirlər. Əgər Salli gündə 6 dollar, Bob isə gündə 4 dollar qazanırsa, bir ildən sonra hər ikisi səyahətləri üçün nə qədər pul yığacaqlar?"," Saly 1/2 qənaət edir * $6/gün = $<<1/2*6=3>>3/gün. Hər il 365 gün olduğundan, Sallinin bir ildə qənaət edəcəyi ümumi pul məbləği $3/gün * $365/il = $<<3*365=1095>>1095/il Bob 1/2 * $4/gün = $<<1/2*4=2>>2/gün qənaət edir. Bobun bir ildə qənaət edəcəyi ümumi pul məbləği $2/gün * 365 gün/il = $<<2*365=730>>730/ildir. Ümumilikdə, Salli və Bob 730 + $1095 = $<<730+1095=1825>>1825 #### 1825"
" Con nəhəng bir restoran üçün yemək sifariş edir. O, funtu 8 dollara 1000 funt mal əti sifariş edir. O, həmçinin funtu 3 dollara ikiqat çox toyuq sifariş edir. Hər şeyin qiyməti nə qədərdir?","Mal ətinin qiyməti 8 dollar * 1000 = $<<8*1000=8000>>8000 O, 1000 * 2 = <<1000*2=2000>>2000 funt toyuq alır. Beləliklə, toyuğun qiyməti 2000 * 3 dollar = $<<2000*3=6000>>6000-dır. Beləliklə, ümumi xərc 8000 dollar + 6000 dollar = $<<8000+6000=14000>>14,000-dır. #### 14000"
 Con gündə 20 səhifə yazır. Hər biri 400 səhifədən ibarət 3 kitab yazmaq üçün nə qədər vaxt lazım olacaq?," O, 3*400=<<3*400=1200>>1200 səhifə yazmaq istəyir. Deməli, bu, ona 1200/20=<<1200/20=60>>60 gün vaxt aparacaq #### 60"
" Alisin 20 rübü var. O, onları sentlərlə dəyişdirmək istəyir və buna görə də banka gedir. Bankdan qayıtdıqdan sonra o, sentlərin 20%-nin hər birinin 3 dollar dəyərində dəmir sentlər olduğunu aşkar edir. Onun pulunun hazırda ümumi dəyəri nə qədərdir?","Dörddə bir sikkə beş sikkə dəyərindədir, çünki .25 / .05 = <<.25/.05=5>>5 O, bankdan 100 sikkə alır, çünki 20 x 5 = <<20*5=100>>100 sikkələrin 20-si dəmir sikkələrdir, çünki 100 x .20 = <<100*.20=20>>20 sikkələrin 80-i adi sikkələrdir, çünki 100 - 20 = <<100-20=80>>80 Dəmir sikkələrin dəyəri 60 dollardır, çünki 20 x 3 = <<20*3=60>>60 adi sikkələr 4 dollardır, çünki 80 x .05 = <<80*.05=4>>4 Onun pulu indi 64 dollardır, çünki 60 + 4 = <<60+4=64>>64 #### 64"
" Ceymsin yağış suyu toplayan çəlləyi var. Hər düym yağış üçün o, 15 qallon su toplayır. Bazar ertəsi günü 4 düym, çərşənbə axşamı isə 3 düym yağış yağdı. O, suyu hər qallonu 1,2 dollara sata bilər. Bütün suyu satmaqla nə qədər pul qazandı?"," Yağış yağdı 3+4=<<3+4=7>>7 düym Beləliklə, o, 7*15=<<7*15=105>>105 qallon yığdı Beləliklə, o, suyu satmaqla 105*1.2=$<<105*1.2=126>>126 qazanır #### 126"
"Kitabxanaçı Nensi arabadakı kitabları rəfə qoyur. Arabanın yuxarı hissəsindən 12 tarix kitabı, 8 romantika kitabı və 4 şeir kitabı rəfə qoydu. Arabanın alt hissəsindəki kitabların yarısı detektiv kitablar idi və o, onları tez bir zamanda yerinə qoydu. Sonra arabanın altındakı qalan kitabları, o cümlədən 5 Qərb romanı və 6 tərcümeyi-halını rəfə qoydu. Kitab arabasına başlayanda onun neçə kitabı var idi?"," Səbətin alt hissəsindəki kitabların yarısı detektiv kitablardır, yəni onlar birlikdə toplanmış Qərb romanları və tərcümeyi-hallarının sayı ilə eynidir. Beləliklə, 5 + 6 = <<5+6=11>>11 detektiv roman var. Hamısını bir yerə topladıqda, 12 tarix + 8 romantika + 4 poeziya + 11 detektiv + 5 Qərb + 6 tərcümeyi-hal = <<12+8+4+11+5+6=46>>Cəmi 46 kitab var #### 46"
"Hektor bir qutu saqqız topu aldı. O, Todda 4 ədəd verdi, sonra Todda Alişaya verdiyindən iki dəfə çox, sonra isə Bobbiyə Alişaya verdiyindən dörd dəfə az 5 ədəd verdi. Əgər Hektorun 6 saqqız topu qalmışdısa, Hektorun aldığı saqqız toplarının ümumi sayı nə qədər idi?"," Hektor Alişaya Todda verdiyindən iki dəfə çox, cəmi 4*2=<<4*2=8>>8 saqqız topu verdi, Hektor Bobbiyə Alişaya verdiyindən dörd dəfə az 5 saqqız verdi və ya cəmi (8*4)-5=<<8*4-5=27>>27 saqqız topu verdi. Əgər Hektorun 6 saqqız topu qalmışdısa, o, əvvəlcə 4+8+27+6=<<4+8+27+6=45>>45 saqqız topu aldı. #### 45"
"Qeylın iki akvariumu var. Birinci akvariumu ikinci akvariumdan iki dəfə böyükdür. Birinci akvariumda 48 qallon su var. O, hər düym balığa bir qallon su qaydasına əməl edir. Əgər o, ikinci akvariumda iki düymlük, birinci akvariumda isə üç düymlük balıq saxlayarsa, birinci akvarium balığından biri digərini yesə, Qeylın birinci akvariumda ikinci akvariumdan neçə balıq çox olar?"," İkinci akvarium 48 / 2 = <<48/2=24>>24 qallondur. Qeyl öz qaydasına uyğun olaraq ikinci akvariumda 24 / 2 = <<24/2=12>>12 ədəd iki düymlük balıq saxlayır. O, birinci akvariumda 48 / 3 = <<48/3=16>>16 ədəd balıq saxlayır. Əgər birinci akvariumdakı bir balıq digərini yesəydi, birinci akvariumda 16 - 1 = <<16-1=15>>15 ədəd balıq qalardı. Beləliklə, Qeyl birinci akvariumda 15 - 12 = <<15-12=3>>3 ədəd daha çox balıq qalardı. #### 3"
