сұрақ,жауап
" Наталья сәуір айында 48 досына клип сатты, ал мамыр айында клиптердің екі есе азын сатты. Наталья сәуір және мамыр айларында барлығы қанша клип сатты?", Наталья мамыр айында 48/2 = <<48/2=24>>24 клип сатты. Наталья сәуір және мамыр айларында барлығы 48+24 = <<48+24=72>>72 клип сатты. #### 72
 Вен бала күтімі үшін сағатына 12 доллар табады. Кеше ол бала күтімімен небәрі 50 минут айналысты. Ол қанша табыс тапты?," Вен минутына 12/60 = $<<12/60=0.2>>0.2 табады. 50 минут жұмыс істеп, ол 0.2 x 50 = $<<0.2*50=10>>10 табады. #### 10"
" Бетти 100 доллар тұратын жаңа әмиянға ақша жинап жатыр. Беттиде оған қажетті ақшаның тек жартысы ғана бар. Ата-анасы оған осы мақсатта 15 доллар, ал ата-әжесі ата-анасынан екі есе көп беруді шешті. Беттиге әмиянды сатып алу үшін тағы қанша ақша қажет?",Бастапқыда Беттиде тек 100 / 2 = $<<100/2=50>>50 болған. Беттидің ата-әжесі оған 15 * 2 = $<<15*2=30>>30 берген. Бұл Беттиге тағы 100 - 50 - 30 - 15 = $<<100-50-30-15=5>>5 қажет дегенді білдіреді. #### 5
" Джули 120 беттік кітап оқып отыр. Кеше ол 12 бет оқи алды, ал бүгін кешегіден екі есе көп бет оқыды. Егер ол ертең қалған беттердің жартысын оқығысы келсе, қанша бет оқуы керек?"," Майла бүгін 12 x 2 = <<12*2=24>>24 бет оқыды. Кешеден бері ол барлығы 12 + 24 = <<12+24=36>>36 бет оқи алды. Оқуға 120 - 36 = <<120-36=84>>84 бет қалды. Ертең қалған беттердің жартысын оқығысы келетіндіктен, ол 84/2 = <<84/2=42>>42 бет оқуы керек. #### 42"
 Джеймс аптасына екі рет екі түрлі досына 3 беттен хат жазады. Ол жылына қанша бет жазады?,"Ол әр досына аптасына 3*2=<<3*2=6>>6 бет жазады. Сонымен, ол аптасына 6*2=<<6*2=12>>12 бет жазады. Бұл оның жылына 12*52=<<12*52=624>>624 бет жазатынын білдіреді. #### 624"
" Марктің гүлді бағы бар. Ол оған үш түрлі түсті өсімдік отырғызды. Оның оны сары, ал күлгін түстілері 80%-ға көп. Жасыл гүлдер сары және күлгін гүлдердің санынан 25%-ға ғана аз. Марктің бақшасында қанша гүл бар?"," 80/100 * 10 = <<80/100*10=8>>сары гүлдерге қарағанда күлгін гүлдер саны 8-ге артық. Сонымен, Марктың бақшасында 10 + 8 = <<10+8=18>>18 күлгін гүл бар. Күлгін және сары гүлдердің қосындысы 10 + 18 = <<10+18=28>>28 гүлге тең. Бұл Марктың бақшасында 25/100 * 28 = <<25/100*28=7>>7 жасыл гүл бар дегенді білдіреді. Сонымен, Марктың бақшасында барлығы 28 + 7 = <<28+7=35>>35 өсімдік бар. #### 35"
"Альберт бір күнде қанша пицца жей алатынын ойлап отыр. Ол 2 үлкен және 2 кішкентай пицца сатып алады. Үлкен пиццада 16 тілім, ал кішкентай пиццада 8 тілім бар. Егер ол бәрін жесе, сол күні қанша тілім жейді?"," Ол ең үлкен пиццаның 32-сін жейді, себебі 2 x 16 = <<2*16=32>>32 Ол кішкентай пиццаның 16-сын жейді, себебі 2 x 8 = <<2*8=16>>16 Ол 48 дана жейді, себебі 32 + 16 = <<32+16=48>>48 #### 48"
" Кен интернатта оқитын ағасына жіберу үшін көмек пакетін дайындады. Кен таразыға қорап қойды, содан кейін қорапқа салмағын 2 фунтқа жеткізу үшін желе бұршақтарын құйды. Содан кейін салмағын үш есеге арттыру үшін жеткілікті брауни қосты. Содан кейін тағы 2 фунт желе бұршақтарын қосты. Соңында, салмағын тағы екі есеге арттыру үшін жеткілікті желе құрттарын қосты. Тәттілер қорабының соңғы салмағы фунтпен есептегенде қандай болды?","Бастапқы 2 фунт желе бұршақтарына ол салмағын үш есеге арттыратындай етіп брауни қосты, нәтижесінде салмағы 2*3=<<2*3=6>>6 фунтқа жетті. Содан кейін ол тағы 2 фунт желе бұршақтарын қосты, нәтижесінде салмағы 6+2=<<6+2=8>>8 фунтқа жетті. Соңында, салмағын тағы екі есеге арттыратындай етіп желе құрттарын қосты, нәтижесінде салмағы 8*2=<<8*2=16>>16 фунтқа жетті. #### 16"
" Алексис жаңа жұмысқа орналасуға өтініш беріп, сұхбатқа кию үшін жаңа іскерлік киім сатып алды. Ол 200 долларлық бюджеті бар универмагқа барып, 30 долларын түймелі көйлекке, 46 долларын костюм шалбарға, 38 долларын костюм пальтоға, 11 долларын шұлыққа және 18 долларын белдікке жұмсады. Ол сондай-ақ аяқ киім сатып алды, бірақ түбіртегін жоғалтып алды. Оның бюджетінен 16 доллар қалды. Алексис аяқ киімге қанша төледі?"," - Алексистің аяқ киімге төлеген сомасы болсын. Ол S + 30 + 46 + 38 + 11 + 18 = S + <<+30 + 46 + 38 + 11 + 18=143>>143 жұмсады. Ол бюджетінің 16 долларынан басқасының барлығын пайдаланды, сондықтан S + 143 = 200 - 16 = 184. Осылайша, Алексис аяқ киімге S = 184 - 143 = $<<184-143=41>>41 төледі. #### 41"
" Тина сағатына 18,00 доллар табады. Егер ол ауысымда 8 сағаттан артық жұмыс істесе, ол артық жұмыс істеуге құқылы, ол сіздің сағаттық жалақыңыз + сағаттық жалақыңыздың 1/2 бөлігімен төленеді. Егер ол 5 күн бойы күн сайын 10 сағат жұмыс істесе, ол қанша ақша табады?","Ол күніне 8 сағат жұмыс істейді, сағатына 18 доллар табады, сондықтан ол 8 сағаттық ауысымда 8*18 = $<<8*18=144.00>>144.00 табады. Ол күніне 10 сағат жұмыс істейді және 8 сағаттан асқан кез келген жұмыс артық жұмыс істеуге құқылы, сондықтан ол 10-8 = <<10-8=2>>2 сағат артық жұмыс істейді. Артық жұмыс уақыты бір жарым уақыт ретінде есептеледі, сондықтан ол сағатына 18 доллар табады, сондықтан оның артық жұмыс уақыты 18*.5 = $<<18*.5=9.00>>9.00. Оның артық жұмыс уақыты 18+9 = $<<18+9=27.00>>27.00. Оның базалық жалақысы 8 сағаттық ауысымда 144.00 доллар және ол 5 күн жұмыс істейді және 5 * $144 = $<<144*5=720.00>>720.00 табады. Оның артық жұмыс уақыты сағатына 27.00 доллар және ол 2 сағат жұмыс істейді. күніне артық жұмыс уақыты және 27*2 = $<<27*2=54.00>>54.00 артық жұмыс уақыты ақысын құрайды, яғни 5 күн ішінде 2 сағат артық жұмыс уақыты ақысын төлеу оның 54*5 = $270.00 алатынын білдіреді, 5 күнде оның негізгі жалақысы $720.00 құрайды және ол артық жұмыс уақыты ақысынан $270.00 алады, сондықтан ол $720 + $270 = $<<720+270=990.00>>990.00 табады #### 990"
"Терең теңіз құбыжығы жүз жылда бір рет кемеде тамақтанып, аштығын қандыру үшін судан көтеріледі. Үш жүз жыл ішінде ол 847 адамды жалмап қойды. Кемелер уақыт өте келе үлкенірек етіп жасалды, сондықтан әрбір жаңа кемеде алдыңғы кемеге қарағанда екі есе көп адам болды. Құбыжық алғашқы жүз жылда кемеде қанша адам жеді?"," S - бірінші жүз жылдық кемедегі адамдар саны болсын. Екінші жүз жылдық кемеде біріншісіне қарағанда екі есе көп адам болды, сондықтан онда 2S адам болды. Үшінші жүз жылдық кемеде екіншісіне қарағанда екі есе көп адам болды, сондықтан онда 2 * 2S = <<2*2=4>>4S адам болды. Барлық кемелерде S + 2S + 4S = 7S = 847 адам болды. Осылайша, құбыжық бірінші жүз жылда жеп қойған кемеде S = 847 / 7 = <<847/7=121>>121 адам болды. #### 121"
"Тобиас 95 доллар тұратын жаңа аяқ киім сатып алып жатыр. Ол соңғы үш айда ай сайын ақша жинап келеді. Ол айына 5 доллар жәрдемақы алады. Ол сондай-ақ көгалдарды шауып, кіреберіс жолдарды күрекпен тазалайды. Ол көгалдарды шауып, күрекпен тазалау үшін 15 доллар, ал күрекпен тазалау үшін 7 доллар алады. Аяқ киімді сатып алғаннан кейін, оның 15 доллары қайтарым ақшасы қалады. Егер ол 4 көгалдарды шапса, ол қанша кіреберіс жолын күрекпен тазалады?"," Ол барлығы 110 доллар үнемдеді, себебі 95 + 15 = <<95+15=110>>110 Ол өзінің жәрдемақысынан 15 доллар үнемдеді, себебі 3 x 5 = <<3*5=15>>15 Ол шөп шабудан 60 доллар тапты, себебі 4 x 15 = <<4*15=60>>60 Ол кіреберіс жолдарды күреп, 35 доллар тапты, себебі 110 - 60 - 15 = <<110-60-15=35>>35 Ол 5 кіреберіс жолды күреп, 35 / 7 = <<35/7=5>>5 #### 5"
" Рэндидің фермасында 60 манго ағашы бар. Сондай-ақ, оның манго ағаштарына қарағанда кокос ағаштарының саны екі есе аз 5-еуі бар. Рэндидің фермасында барлығы қанша ағаш бар?","Рэндидің манго ағаштарының жартысы 60/2 = <<60/2=30>>30 ағаш. Сонымен, Рэндидің 30 - 5 = <<30-5=25>>25 кокос ағашы бар. Сондықтан, Рэндидің фермасында 60 + 25 = <<60+25=85>>85 ағашы бар. #### 85"
" Джаспер кешкі асында шаркутери ұсынады. Ол 10 долларға 2 фунт чеддер ірімшігін, чеддер ірімшігінің жарты бағасына бір фунт кілегейлі ірімшікті және чеддер ірімшігінің бағасынан екі есе қымбат суық кесектерді сатып алады. Ол ингредиенттерге қанша ақша жұмсайды?", Бір фунт кілегейлі ірімшіктің құны $10 / 2 = $<<10/2=5>>5 болды. Бір қаптама суық кесектер $10 x 2 = $<<10*2=20>>20 болды. Джаспер ингредиенттерге $10 + $5 + $20 = $<<10+5+20=35>>35 жұмсады. #### 35
 Джой кітаптың 8 бетін 20 минутта оқи алады. Оған 120 бетті оқу үшін неше сағат кетеді?,"Бір сағатта 20 минуттан тұратын 3 жиынтық бар. Сонымен, Джой бір сағатта 8 x 3 = <<8*3=24>>24 бет оқи алады. Оған 120 бетті оқу үшін 120/24 = <<120/24=5>>5 сағат кетеді. #### 5"
" Джеймс медиа империясын құрады. Ол 2000 долларға фильм жасайды. Әрбір DVD дискісін жасау 6 доллар тұрады. Ол оны 2,5 есе қымбатқа сатады. Ол аптасына 5 күн бойы күніне 500 фильм сатады. Ол 20 аптада қанша пайда табады?"," Ол әрбір DVD дискісін 6*2,5=$<<6*2,5=15>>15-ке сатты. Сонымен, ол 15-6=$<<15-6=9>>9 пайда табады. Сонымен, ол күн сайын 9*500=$<<9*500=4500>>4500 пайда табады. Сонымен, ол 4500*5=$<<4500*5=22500>>22,500 табады. Ол 22,500*20=$<<22500*20=450000>>450,000 табады. Содан кейін фильмді жасау құнынан кейін оның пайдасы 450,000-2000=$<<450000-2000=448000>>448,000 #### 448000"
"Іскерлік мәміледен түскен пайда екі іскер серіктес Майк пен Джонсон арасында сәйкесінше 2:5 қатынасында бөлінеді. Егер Джонсон 2500 доллар алса, Майк өз үлесінің бір бөлігін 200 доллар тұратын көйлекке жұмсағаннан кейін қанша ақшасы қалады?"," Бұл қатынасқа сәйкес, Джонсон алған әрбір 5 бөлік үшін Майк 2 бөлік алады. Джонсон 2500 доллар алғандықтан, әрбір бөлік 2500 доллар/5 = $<<2500/5=500>>500 болады. Майк 2*500 доллар = $<<2*500=1000>>1000 алады. Көйлек сатып алғаннан кейін оның 1000-200 доллары = $<<1000-200=800>>800 доллары қалады #### 800"
" Жүк көлігінде 26 қызғылт бас киім, 15 жасыл бас киім және 24 сары бас киім бар. Егер Карл 4 қызғылт бас киім алып кетсе, ал Джон 6 қызғылт бас киім және шешіп алған қызғылт бас киімдер санынан екі есе көп жасыл бас киім алып кетсе, онда жүк көлігінде қалған бас киімдердің жалпы санын есептеңіз.","Егер 26 қызғылт бас киім болса және Карл 4 қызғылт бас киім алып кетсе, қалған қызғылт бас киімдер саны 26-4 = <<26-4=22>>22 Джон да 6 қызғылт бас киім алып кетті, жүк көлігінде 22-6 = <<22-6=16>>16 қызғылт бас киім қалды. Егер Джон да қызғылт бас киімдерден екі есе көп жасыл бас киім алса, ол 2*6 = <<6*2=12>>12 жасыл бас киім алды. Жүк көлігінде қалған жасыл бас киімдердің жалпы саны 15-12 = <<15-12=3>>3 Жүк көлігінде, кейбіреулері алынып тасталғаннан кейін, 3 жасыл бас киім + 16 қызғылт бас киім = <<3+16=19>>19 бас киім қалды. Барлығы 19 жасыл және қызғылт бас киім + 24 сары бас киім = <<19+24=43>>43 бас киім жүк көлігінде қалды #### 43"
" Роке жұмысқа жаяу бару үшін екі сағат, ал велосипедпен бару үшін бір сағат уақыт кетеді. Роке жұмысқа аптасына үш рет жаяу барып-қайтады және жұмыстан аптасына екі рет велосипедпен барып-қайтады. Ол жұмысқа жаяу және велосипедпен барып-қайту үшін аптасына барлығы қанша сағат жұмсайды?","Роке жұмысқа жаяу бару үшін аптасына 2*3 = <<2*3=6>>6 сағат жұмсайды. Роке жұмысқа жаяу бару үшін аптасына 6*2 = <<6*2=12>>12 сағат жұмсайды. Роке жұмысқа велосипедпен бару үшін аптасына 1*2 = <<1*2=2>>2 сағат жұмсайды. Роке жұмысқа велосипедпен бару үшін аптасына 2 сағат жұмсайды. Роке жұмысқа велосипедпен бару үшін аптасына 2*2 = <<2*2=4>>4 сағат жұмсайды. Барлығы, Роке жұмысқа барып-қайту үшін аптасына 12+4 = <<12+4=16>>16 сағат жұмсайды. #### 16"
" Тим 5 жұмыс күнінің әрқайсысында велосипедімен жұмысқа барып-келумен жүреді. Оның жұмысы 20 миль қашықтықта орналасқан. Ол сондай-ақ демалыс күндері 200 миль велосипед тебуге шығады. Егер ол сағатына 25 миль жылдамдықпен велосипед тебе алса, аптасына қанша уақыт велосипед тебеді?"," Ол жұмысқа күніне 20*2=<<20*2=40>>40 миль велосипедпен жүреді. Демек, ол жұмысқа күніне 40*5=<<40*5=200>>200 миль велосипедпен жүреді. Бұл оның жұмысқа күніне барлығы 200+200=<<200+200=400>>400 миль велосипедпен жүреді дегенді білдіреді. Демек, ол жұмысқа күніне барлығы 400/25=<<400/25=16>>16 сағат велосипедпен жүреді. #### 16"
"Белла пошта бөлімшесінен маркалар сатып алды. Кейбір маркаларда қар ұшқыны, кейбіреулерінде жүк көлігі, ал кейбіреулерінде раушан гүлі бейнеленген. Белла 11 қар ұшқыны маркасын сатып алды. Ол қар ұшқыны маркаларына қарағанда жүк көлігі маркаларына қарағанда 9 маркаға артық және жүк көлігі маркаларына қарағанда 13 раушан гүліне аз сатып алды. Белла барлығы қанша марка сатып алды?", Жүк көлігінің мөрлерінің саны 11 + 9 = <<11+9=20>>20. Раушан гүлінің мөрлерінің саны 20 − 13 = <<20-13=7>>7. Белла барлығы 11 + 20 + 7 = <<11+20+7=38>>38 мөр сатып алды. #### 38
" Әрбір құс күніне 12 қоңыз, әрбір жылан күніне 3 құс, ал әрбір ягуар күніне 5 жылан жейді. Егер орманда 6 ягуар болса, күніне қанша қоңыз жейді?",Алдымен жеген жыландардың жалпы санын табыңыз: 5 жылан/ягуар * 6 ягуар = <<5*6=30>>30 жылан Содан кейін күніне жейтін құстардың жалпы санын табыңыз: 30 жылан * 3 құс/жылан = <<30*3=90>>90 жылан Содан кейін күніне жейтін қоңыздардың жалпы санын табу үшін жыландар санын бір жыланға келетін қоңыздар санына көбейтіңіз: 90 жылан * 12 қоңыз/жылан = <<90*12=1080>>1080 қоңыз #### 1080
" Самантаның тегі Боббидің тегімен салыстырғанда үш әріпке аз. Егер Бобби тегінен екі әріпті алып тастаса, оның тегі Джеймидің тегінен екі есе ұзын болар еді. Джеймидің толық аты-жөні - Джейми Грей. Самантаның тегі қанша әріптен тұрады?"," Джеймидің тегі 4 әріптен тұрады, сондықтан Боббидің аты 4*2 +2 = <<4*2+2=10>>10 әріптен тұрады. Самантаның тегі Боббидікінен 3 әріпке қысқа, сондықтан Самантаның тегі 10 - 3 = <<10-3=7>>7 әріптен тұрады. #### 7"
"Энннің сүйікті дүкені жазғы жеңілдік болды. Ол 75 долларға әрқайсысын 7 доллардан 5 жұп шорты және әрқайсысын 10 доллардан 2 жұп аяқ киім сатып алды. Сондай-ақ, ол бірдей бағамен 4 жейде сатып алды. Әрбір жейде қанша тұрды?"," Ол әрқайсысын 7 доллардан 5 шорты сатып алды, сондықтан 5*7=$<<5*7=35>>35 Ол әрқайсысын 10 доллардан 2 жұп аяқ киім сатып алды, сондықтан 2*10=$<<2*10=20>>20 Шорты мен аяқ киімнің құны 35+20 = $<<35+20=55>>55 Біз оның барлығы 75 доллар жұмсағанын және шорты мен аяқ киімнің құны 55 доллар екенін білеміз, бұл айырмашылықты 75-55 долларға қалдырды = $<<75-55=20>>20 Ол барлығы 20 долларға 4 жейде сатып алды, сондықтан 20/4 = $5 #### 5"
" Мэри сенбі күні азық-түлік сатып алады. Ол тек белгілі бір дүкеннен ғана сауда жасайды, онда оған 100 доллар несие беріледі, бұл келесі сауда сапарына дейін толық төленуі керек. Сол аптада ол толық несие лимитін жұмсап, сейсенбіде оның 15 долларын, ал бейсенбіде 23 долларын төледі. Мэри келесі сауда сапарына дейін қанша несие төлеуі керек?",Мэри осы уақытқа дейін несиенің $15 +$23=$<<15+23=38>>38 сомасын қайтарды. Сондықтан ол әлі де $100-$38=$<<100-38=62>>62 төлеуі керек #### 62
 Ральф теннис добын лақтыратын теннис добын ату машинасымен теннис ойнауға жаттығады. Ол машинаға алдымен 175 теннис добын салады. Алғашқы 100 доптың 2/5 бөлігін ол соғып үлгереді. Келесі 75 теннис добының 1/3 бөлігін ол соғып үлгереді. Барлық теннис добының қаншасын Ральф соғып үлгермеді?," Алғашқы 100 доптың 2/5 бөлігін Ральф соғып, 3/5 бөлігін ұра алмады, 3/5 x 100 = 60 теннис добын Ральф соқты. Келесі 75 доптың 1/3 бөлігін соғып, 2/3 бөлігін ұра алмады, 2/3 x 75 = Ральф соқпаған 50 теннис добы. Қосылғанда, Ральф 60 + 50 = <<60+50=110>>110 теннис добын соғып, Ральф соқпаған. #### 110"
"Джек шөлді аралда қалып қойды. Ол балығына дәмдеуіш ретінде тұз алғысы келеді. Ол ескі шелекке 2 литр теңіз суын жинайды. Егер судың 20% тұзы болса, барлық су буланып кеткенде Джек қанша мл тұз алады?"," Алдымен теңіз суының қанша литрінде тұз бар екенін табыңыз: 2 литр * 20% = <<2*20*.01=.4>>.4 литр. Содан кейін сол мөлшерді 1000 мл/литрге көбейтіп, Джек алатын тұздың мл санын табыңыз: .4 литр * 1000 мл/литр = <<.4*1000=400>>400 мл #### 400"
" Бреннан мектеп жобасын зерттеп жатқанда, интернеттен компьютеріне сілтеме жасау үшін файлдарды жүктеп алуға мәжбүр болды. 800 файлды жүктеп алғаннан кейін, ол олардың 70%-ын жойды, себебі олар көмектеспеді. Ол тағы 400 файлды жүктеп алды, бірақ олардың 3/5 бөлігі маңызды емес екенін тағы да түсінді. Екінші раундта жүктеп алған байланыссыз файлдарды жойғаннан кейін оның қолында қанша құнды файл қалды?","Бреннан бірінші раундта жүктеген құнды емес файлдар саны 70/100*800 = <<70/100*800=560>>560 файл. Бреннан бірінші раундта жүктеген құнды файлдар саны 800-560 = <<800-560=240>>240 Ол 400 жаңа файлды жүктеген кезде, 3/5*400= <<3/5*400=240>>240 пайдасыз файл болды, оларды ол қайтадан жойды. Екінші раундта жүктеген құнды файлдардың жалпы саны 400-240 = <<400-240=160>>160 Зерттеуін жазу үшін Бреннанның зерттеуін жазу үшін сілтеме жасайтын 160+240 = <<160+240=400>>400 пайдалы файлы болды. #### 400"
" Көшеде 5 үй бар, және алғашқы төрт үйдің әрқайсысында бақшада 3 гном бар. Егер көшеде барлығы 20 гном болса, бесінші үйде қанша гном бар?"," Алғашқы төрт үйде барлығы 4 үй бар * 3 гном = <<4*3=12>>12 гном. Демек, бесінші үйде барлығы 20 гном болды – 12 гном = <<20-12=8>>8 гном. #### 8"
"Снайдер ханым бұрын ай сайынғы табысының 40%-ын пәтер жалдау мен коммуналдық қызметтерге жұмсайтын. Жақында оның жалақысы 600 долларға өсті, сондықтан қазір оның пәтер жалдау мен коммуналдық қызметтері ай сайынғы табысының тек 25%-ын ғана құрайды. Оның бұрынғы ай сайынғы табысы қанша болды?"," Оның алдыңғы айлық табысы p болсын. Оның жалдау ақысы мен коммуналдық қызметтерінің құны p-ның 40%-ын құрады, бұл (40/100)*p = 2p/5. Оның табысы $600-ға өсті, сондықтан қазір p+$600. Оның жалдау ақысы мен коммуналдық қызметтерінің құны қазір (p+$600)-ның 25%-ын құрайды, бұл (25/100)*(p+$600) = (p+$600)/4. Жалдау ақысы мен коммуналдық қызметтер құнының екі өрнегін теңестіру: 2p/5 = (p+$600)/4. Теңдеудің екі жағын да 20-ға көбейту 8p = 5p+$3000 шығады. Екі жағынан 5p-ны азайтсақ, келесі шығады: 3p = $3000. Екі жағын да 3-ке бөлу p = $1000 шығады. #### 1000"
" Энн, Билл, Кейт және Дейл әрқайсысы 4 бөлікке кесілген жеке таба пиццаларын сатып алады. Егер Билл мен Дейл пиццаларының 50%-ын, ал Энн мен Кейт пиццаларының 75%-ын жесе, қанша пицца бөлігі желмей қалады?",Барлығы 4 x 4 = <<4*4=16>>16 пицца бөлігі бар. Билл мен Дейл 2 x 4 x 50% = <<2*4*50*.01=4>>4 бөлік жейді. Энн мен Кейт 2 x 4 x 75% = <<2*4*75*.01=6>>6 бөлік жейді. Төртеуі 4 + 6 = <<4+6=10>>10 бөлік жейді. 16 - 10 = <<16-10=6>>6 желмеген пицца бөлігі бар. #### 6
" Ноа - суретші. Ол суреттер салып, саябақта сатады. Ол үлкен картина үшін 60 доллар, ал кішкентай картина үшін 30 доллар алады. Өткен айда ол сегіз үлкен картина және төрт кішкентай картина сатты. Егер ол осы айда екі есе көп сатса, онда оның осы айдағы сатылымы қанша?"," Ной үлкен картиналар үшін $60/үлкен картина x 8 үлкен картина = $<<60*8=480>>480 табыс тапты. Сондай-ақ, ол шағын картиналар үшін $30/кіші картина x 4 кішкентай картина = $<<30*4=120>>120 табыс тапты. Оның өткен айдағы жалпы сатылымы $480 + $120 = $<<480+120=600>>600 болды. Сонымен, оның осы айдағы сатылымы $600 x 2 = $<<600*2=1200>>1200. #### 1200"
"Автокөлік көптеген бұрылыстары бар туннель арқылы жүріп келеді. Біраз уақыттан кейін, көлік барлығы 4 оңға бұрылуды қажет ететін сақина арқылы өтуі керек. 1-ші бұрылыстан кейін ол 5 метр жүріп өтеді. 2-ші бұрылыстан кейін ол 8 метр жүріп өтеді. 3-ші бұрылыстан кейін ол сәл әрі қарай жүріп өтеді және 4-ші бұрылыста бірден туннельден шығады. Егер көлік сақинаның айналасында барлығы 23 метр жүріп өткен болса, 3-ші бұрылыстан кейін ол қанша қашықтықты жүріп өтуі керек болды?"," Берілген мәліметтерден көлік 1-ші бұрылыста 5 метр + 2-ші бұрылыстан кейін 8 метр + 4-ші бұрылыстан кейін 0 метр = <<5+8+0=13>> сақинаның айналасында 13 метр жүріп өтті. Демек, ол барлығы 23 метр жүріп өткен болуы керек – 13 есептелген метр = 3-ші бұрылыстан кейін 10 метр. #### 10"
"Пиццаны басқа ингредиенттермен бірге жасау үшін Кимберге 10 кесе су, 16 кесе ұн және кесе ұн санынан 1/2 есе көп шай қасық тұз қажет. Пиццаны дайындау үшін оған қанша кесе су, ұн және шай қасық тұз қажет екенін есептеңіз."," Пиццаны дайындау үшін Кимберге ұн кеселерінің санынан екі есе көп шай қасық тұз қажет, яғни оған 1/2*16 = <<16*1/2=8>>8 шай қасық тұз қажет. Оған қажетті ұн кеселері мен тұз шай қасықтарының жалпы саны 8+16 = <<8+16=24>>24 Оған сондай-ақ 10 кесе су қажет, яғни оған қажетті су кеселері мен ұн шай қасықтарының жалпы саны 24+10 = <<24+10=34>>34 #### 34"
" Сэм мырза белгілі бір соманы екі ұлы Кен мен Тониге бөлді. Егер Кен 1750 доллар алса, ал Тони Кеннен екі есе көп алса, ақша қаншаға бөлінді?","Тони екі рет 1750 доллар алды, бұл 2*1750 доллар = $<<2*1750=3500>>3500. Бөлісілген жалпы сома $1750+3500 доллар = $<<1750+3500=5250>>5250 болды #### 5250"
" Санчес мырза 5-сынып оқушыларының 40%-ы қорытынды бағаны В-дан төмен алғанын анықтады. Егер оның 5-сыныпта 60 оқушысы болса, оның қанша оқушысы В және одан жоғары қорытынды баға алған?"," Оның оқушыларының 40%-ы «В»-дан төмен баға алғандықтан, 100% - 40% = Санчес мырзаның оқушыларының 60%-ы «В» және одан жоғары баға алды. Осылайша, 60 x 60/100 = <<60*60/100=36>>36 оқушы қорытынды бағаларында «В» және одан жоғары баға алды. #### 36"
" Лиза, Джек және Томми апта бойы көлік жуудан 60 доллар тапты. Дегенмен, 60 доллардың жартысын Лиза тапты. Томми Лизаның тапқанының жартысын тапты. Лиза Томмиден қанша көп ақша тапты?", Лиза $60 * 1/2 = $<<60*1/2=30>>30 тапты. Томми $30 * 1/2 = $<<30*1/2=15>>15 тапты. Лиза Томмиден $30 - $15 = $<<30-15=15>>15 артық тапты. #### 15
"Бес дос фаст-фуд желісінде тамақтанып, келесі тағамдарға тапсырыс береді: әрқайсысы 3 доллар тұратын 5 гамбургер; 1,20 доллар тұратын 4 картоп фриі; әрқайсысы 0,5 доллар тұратын 5 кесе газдалған сусын; және 2,7 доллар тұратын 1 тәрелке спагетти. Егер олар есепшотты тең бөлсе, әрқайсысы қанша төлейді?"," 5 дана гамбургердің құны $3 x 5 = $<<3*5=15>>15. 4 жиынтық картоп фриінің құны $1.20 x 4 = $<<1.20*4=4.80>>4.80. 5 кесе газдалған сусынның құны $0.5 x 5 = $<<0.5*5=2.50>>2.50. Сонымен, олардың жалпы шоты $15 + $4.80 + $2.50 + $2.7 = $<<15+4.8+2.5+2.7=25>>25. Демек, бес достың әрқайсысы $25/5 = $<<25/5=5>>5 үлес қосады. #### 5"
 Артемида кешке шай дайындап жатыр. Ол анасының 8 унция шай ішетінін және бір унция шай пайдаланатынын біледі. Ол кешке де осы қатынасты пайдаланады. Кеште 12 адам бар және олардың әрқайсысы 6 унция шай алғысы келеді. Оған қанша унция шай қажет?,"Ол 72 унция су дайындап жатыр, себебі 12 x 6 = <<12*6=72>>72 Оған 9 унция шай қажет, себебі 72 / 8 = <<72/8=9>>9 #### 9"
" Анна әр үйден 14 дана кәмпит алатын аудандық бөлімшеде тәттілер сатып алады. Оның ағасы Билли көрші аудандық бөлімшеде тәттілер сатып алады, әр үйден 11 дана кәмпит алады. Егер бірінші аудандық бөлімшеде 60 үй, ал екінші аудандық бөлімшеде 75 үй болса, Анна тағы қанша кәмпит алады?"," Алдымен Анна алған кәмпиттердің жалпы санын табыңыз: 14 дана/үй * 60 үй = 840 дана. Содан кейін Билли алған кәмпиттердің жалпы санын табыңыз: 11 дана/үй * 75 үй = <<11*75=825>>825 дана. Содан кейін Анна алған саннан Билли алған даналардың санын азайтып, айырмашылығын табыңыз: 840 дана - 825 дана = <<840-825=15>>15 дана #### 15"
Концерт билетінің құны 40 доллар. Бенсон мырза 12 билет сатып алды және 10-нан асатын әрбір билет үшін 5% жеңілдік алды. Бенсон мырза барлығы қанша төледі?," Бенсон мырза 12 - 10 = <<12-10=2>>2 билеттің әрқайсысына 5% жеңілдік алды. Сонымен, бұл екі билеттің әрқайсысында $40 x 5/100 = $<<40*5/100=2>>2 жеңілдік болды. Демек, әр билеттің құны $40 - $2 = $<<40-2=38>>38 болды. Осылайша, екі жеңілдік билеттің құны $38 x 2 = $<<38*2=76>>76 құрайды. Ал қалған он билеттің құны $40 x 10 = $<<40*10=400>>400 құрайды. Демек, Бенсон мырза барлығы $400 + $76 = $<<400+76=476>>476 төледі. #### 476"
" Рейчел мен Сара сұлулық және модельдік байқауға қатысқысы келеді. Екеуі де жаңа аяқ киім мен көйлек сатып алғысы келеді. Сара 50 доллар тұратын аяқ киім мен 200 доллар тұратын көйлек сатып алады. Рейчел Сараның аяқ киім мен көйлекке жұмсаған ақшасынан екі есе көп ақша жұмсағысы келсе, қанша бюджет құруы керек?",Рейчелдің аяқ киіміне жұмсайтын шығыны $50 * 2 = $<<50*2=100>>100. Рейчелдің көйлегіне жұмсайтын шығыны $200 * 2 = $<<200*2=400>>400. Рейчелдің жалпы бюджеті $100 + $400 = $<<100+400=500>>500. #### 500
" 12 маймылдан тұратын отбасы 10 үйме банан жинады. 6 үймеде 9 қол болды, әр қолында 14 банан болды, ал қалған үймелерде 12 қол болды, әр қолында 9 банан болды. Егер олар банандарды тең бөлсе, әр маймыл қанша банан алар еді?", Алғашқы 6 шоқта 6 x 9 x 14 = <<6*9*14=756>>756 банан болды. 10 - 6 = <<10-6=4>>4 шоқ қалды. Қалған 4 шоқта 4 x 12 x 9 = <<4*12*9=432>>432 банан болды. Барлығы 756 + 432 = <<756+432=1188>>1188 банан болды. Әрбір маймыл 1188/12 = <<1188/12=99>>99 банан алады. #### 99
"Жер сілкінісі төрт ғимараттың қирауына себеп болды. Сарапшылар әрбір келесі жер сілкінісінде алдыңғысына қарағанда екі есе көп құлайтын ғимараттар болады деп болжады, себебі әрқайсысы іргетастың тұрақсыздығын төмендетеді. Тағы үш жер сілкінісінен кейін, бірінші жер сілкінісінен болғандарды қоса алғанда, қанша ғимарат қирады?"," Екінші жер сілкінісі 2 * 4 = <<2*4=8>>8 ғимараттың қирауына себеп болды. Үшінші жер сілкінісі 2 * 8 = <<2*8=16>>16 ғимараттың қирауына себеп болды. Төртінші жер сілкінісі 16 * 2 = <<16*2=32>>32 ғимараттың қирауына себеп болды. Бірінші жер сілкінісін қоса алғанда, жер сілкіністері 4 + 8 + 16 + 32 = <<4+8+16+32=60>>60 ғимараттың қирауына себеп болды. #### 60"
" Джеймс Чикагодағы университеттің бірінші курс студенті. Оның семестрге 1000 доллар бюджеті бар. Ол ақшасының 30%-ын тамаққа, 15%-ын тұруға, 25%-ын ойын-сауыққа, ал қалғанын курстық жұмыс материалдарына жұмсайды. Ол курстық жұмыс материалдарына қанша ақша жұмсайды?",Тұру 15% құрайды * $1000=$<<15*.01*1000=150>>150 Тамақ 30% құрайды * $1000=$<<30*.01*1000=300>>300 Ойын-сауық 25% құрайды * $1000=$<<25*.01*1000=250>>250 Курстық жұмыс материалдары осылайша $1000-($150+$300+$250) = $300 #### 300
" Бүгін Аваның туған күні. Ата-анасы 13 долларға бірмүйізді пиньята сатып алып, оны оның сүйікті тәттілерімен толтырды. Олар 4 пакет Reese's атты аяқ киімін 9 доллардан, 3 пакет Snickers атты аяқ киімін 5 доллардан және 5 пакет Skittles атты аяқ киімін 7 доллардан сатып алды. Бірмүйізді пиньята мен тәттілердің жалпы құны қанша болды?"," Reese's кәмпиттерінің төрт пакеті $9 x 4 = $<<9*4=36>>36 тұрады. Snickers кәмпиттерінің үш пакеті $5 x 3 = $<<5*3=15>>15 тұрады. Skittles кәмпиттерінің бес пакеті $7 x 5 = $<<7*5=35>>35 тұрады. Сондықтан, бірмүйізді пиньята мен тәттілердің бағасы $13 + $36 + $15 + $35 = $<<13+36+15+35=99>>99. #### 99"
"Кэролин күніне 20 минут фортепианода, ал үш есе ұзақ скрипкада ойнайды. Егер ол аптасына алты күн жаттығатын болса, төрт аптасы бар бір айда қанша минут жаттығады?", Алдымен Кэролиннің скрипкада ойнауға жұмсайтын жалпы уақытын оның фортепианода ойнауға жұмсайтын уақытын үш есеге көбейту арқылы табыңыз: күніне 20 минут * 3 = <<20*3=60>>60 минут/күн Содан кейін оның күн сайын жаттығуға жұмсайтын жалпы уақытын табыңыз: күніне 60 минут + күніне 20 минут = <<60+20=80>>80 минут/күн Содан кейін оның апта сайын жаттығуға жұмсайтын жалпы уақытын табыңыз: күніне 80 минут * аптасына 6 күн = <<80*6=480>>480 минут/апта Содан кейін оның ай сайын жаттығуға жұмсайтын жалпы уақытын табыңыз: аптасына 480 минут * айына 4 апта = <<480*4=1920>>айына 1920 минут #### 1920
" 90 мегабайт көлеміндегі файл алғашқы 60 мегабайтында секундына 5 мегабайт жылдамдықпен, содан кейін секундына 10 мегабайт жылдамдықпен жүктеледі. Толығымен жүктеу қанша уақытты алады (секундпен)?",Алғашқы 60 мегабайт 60/5=<<60/5=12>>12 секунд уақыт алады. 90-60=<<90-60=30>>30 мегабайт қалды. Қалған 30 мегабайт 30/10=<<30/10=3>>3 секунд уақыт алады. Ал 12+3=<<12+3=15>>15 секунд. #### 15
" Сэм Карлос жаттаған саннан пи санының алты цифрын артық жаттады. Мина Карлос жаттаған саннан пи санының алты есе көп цифрын жаттады. Егер Мина пи санының 24 цифрын жаттаса, Сэм қанша цифрды жаттады?", Карлос 24/6=<<24/6=4>>Пи санының 4 цифрын жаттап алған. Сэм Пи санының 4+6=10 цифрын жаттап алған. #### 10
" Алан мен оның достары теңіз жағалауына мектеп сапарында бақалшақ жинады. Алан Бенге қарағанда төрт есе көп бақалшақ жинады. Бен кешігіп бастады және Лоридің жинағанының үштен бір бөлігін ғана жинады. Егер Лори 36 бақалшақ жинаса, Алан қанша бақалшақ жинады?", Бен жинады 36/3=<<36/3=12>>12 снаряд Алан жинады 12*4=<<12*4=48>>48 снаряд #### 48
"Джералд бейсболға қажетті заттарға айына 100 доллар жұмсайды. Оның маусымы 4 айға созылады. Ол бейсбол ойнамаған айларын тырмалап, күреп және көгалдарды шабу арқылы ақша жинағысы келеді. Әрқайсысы үшін 10 доллар алады. Керек-жарақтарын жинау үшін айына орта есеппен қанша жұмыс істеуі керек?"," Ол 400 доллар жинауы керек, себебі 4 x 100 = <<4*100=400>>400 Оның бұл ақшаны табу үшін 8 айы бар, себебі 12 - 4 = <<12-4=8>>8 Ол айына 50 доллар табуы керек, себебі 400 / 8 = <<400/8=50>>50 Ол айына 5 тапсырма орындауы керек, себебі 50 / 10 = <<50/10=5>>5 #### 5"
" Энн перделер жасау үшін мата кесіп жатыр. Ол қонақ бөлме үшін 4 футқа 6 фут тіктөртбұрыш, ал жатын бөлме үшін 2 футқа 4 фут тіктөртбұрыш кесіп алды. Егер матаның болты 16 футқа 12 фут болса, шаршы футпен қанша мата қалады?","Алдымен матаның бастапқы болты қанша шаршы фут болғанын есептеңіз: 16 фут * 12 фут = <<16*12=192>>192 шаршы фут Содан кейін Энн қонақ бөлме перделері үшін қанша мата алғанын есептеңіз: 4 фут * 6 фут = <<4*6=24>>24 шаршы фут Содан кейін Энн жуынатын бөлме перделері үшін қанша мата алғанын есептеңіз: 2 фут * 4 фут = <<2*4=8>>8 шаршы фут Соңында, екі перде жиынтығының шаршы футын жалпы шаршы футтан алып тастаңыз: 192 - 24 - 8 = <<192-24-8=160>>160 шаршы фут #### 160"
" Арнельде әр қорапта бірдей қарындаштар саны бар он қорап қарындаш болды. Ол он қарындаш қалдырып, қалған қарындаштарды бес досымен тең бөлісті. Егер оның достарының әрқайсысында сегіз қарындаштан болса, әр қорапта қанша қарындаш бар?"," Арнель достарымен 5 x 8 = <<5*8=40>>40 қарындаш бөлісті. Сонымен, оның барлығы 10 + 40 = <<10+40=50>>50 қарындашы болды. Сондықтан әр қораптың ішінде 50/10 = <<50/10=5>>5 қарындаш болды. #### 5"
"Калеб 10 қорап балмұздақ және 4 қорап мұздатылған йогурт сатып алды. Балмұздақтың әр қорабы 4 доллар, ал мұздатылған йогурттың әр қорабы 1 доллар тұрды. Калеб балмұздаққа мұздатылған йогуртқа қарағанда қанша көп ақша жұмсады?", Балмұздақтың құны 10 × $4 = $<<10*4=40>>40. Мұздатылған йогурттың құны 4 × $1 = $<<4*1=4>>4. Калеб мұздатылған йогуртқа қарағанда балмұздаққа $40 − $4 = $36 көбірек жұмсады. #### 36
" Лия көршілес жерлерде жұмыс істеп, 28 доллар тапты. Ол ақшасының жетіден бір бөлігін сүт коктейліне жұмсап, қалғанының жартысын жинақ шотына салды. Қалған ақшасын әмиянына қалдырды. Иті әмиянын тауып алып, ішіндегі барлық ақшаны қырып тастады, тек 1 доллар ғана қалды. Лия қанша доллар жоғалтты?","Лия сүт коктейліне 28 / 7 = $<<28/7=4>>4 жұмсады. Оның 28 - 4 = $<<28-4=24>>24 қалды. Ол жартысын жинақ шотына, жартысын әмиянына салды, сондықтан әмиянында 24 / 2 = $<<24/2=12>>12 қалды. Иті әмиянындағы барлық ақшаны ұсақтап тастады, бірақ 1 доллар қалды, сондықтан Лия 12 - 1 = $<<12-1=11>>11 жоғалтты. #### 11"
 Бақшада 25 раушан гүлі бар. 40 қызғалдақ бар. 35 түймедақ бар. Гүлдердің қанша пайызы раушан гүлі емес?," Барлығы 25+40+35=<<25+40+35=100>>100 гүл бар. 40+35=<<40+35=75>>75 раушан гүлі емес. Сондықтан, (75/100)*100=<<(75/100)*100=75>>Гүлдердің 75%-ы раушан гүлі емес. #### 75"
" Леоның тапсырмасы үш бөлікке бөлінді. Ол тапсырмасының бірінші бөлігін 25 минутта аяқтады. Екінші бөлігін аяқтау үшін оған екі есе көп уақыт кетті. Егер ол тапсырмасын 2 сағатта аяқтай алса, Лео тапсырманың үшінші бөлігін неше минутта аяқтады?","Леоға тапсырманың екінші бөлігін аяқтау үшін 25 x 2 = <<25*2=50>>50 минут кетті. Лео тапсырманың бірінші және екінші бөліктерін 25 + 50 = <<25+50=75>>75 минутта аяқтады. Ол бүкіл тапсырманы 60 x 2 = <<60*2=120>>120 минутта аяқтады. Сондықтан, Леоға тапсырманың үшінші бөлігін аяқтау үшін 120 - 75 = <<120-75=45>>45 минут кетті. #### 45"
" Лиза печенье жасау үшін 10 килограмм сары май сатып алды. Ол оның жартысын шоколадты печеньеге, бестен бір бөлігін жержаңғақ майы қосылған печеньеге, ал қалған сары майдың үштен бір бөлігін қант қосылған печеньеге жұмсады. Осы үш түрлі печеньені жасағаннан кейін қанша килограмм сары май қалады?","Лиза шоколадты печенье үшін 10/2 = <<10/2=5>>5 килограмм сары май пайдаланды. Содан кейін ол жержаңғақ майы бар печенье үшін 10/5 = <<10/5=2>>2 килограмм сары май пайдаланды. Ол шоколадты және жержаңғақ майы бар печенье үшін 5 + 2 = <<5+2=7>>7 килограмм сары май пайдаланды. Сонымен, тек 10 -7 = <<10-7=3>>3 килограмм сары май қалды. Содан кейін Лиза қантты печенье үшін 3/3 = <<3/3=1>>1 килограмм сары май пайдаланды. Сондықтан тек 3-1 = <<3-1=2>>2 килограмм сары май қалды. #### 2"
" Статистика пәнінің оқушысы орта мектеп оқушыларының орташа күнделікті жәрдемақысын білгісі келеді. Оның сауалнамасына сәйкес, оқушылардың 2/3 бөлігі күніне орта есеппен 6 доллар жәрдемақы алады, ал қалғандары күніне орта есеппен 4 доллар алады. Егер ол 60 оқушыдан сауалнама алса, сол 60 оқушының бір күнде алатын жалпы ақшасы қандай?",60 студент x 2/3 = <<60*2/3=40>>Күніне 6 доллар жәрдемақы алатын 40 студент бар. Ал 60 студент болса - 40 студент = <<60-40=20>>Күніне 4 доллар жәрдемақы алатын 20 студент. Күніне 6 доллар алатын 40 студенттің жәрдемақысының қосындысы 40 студент x күніне 6 доллар = $<<40*6=240>>240 құрайды. Күніне 4 доллар алатын 20 студенттің жәрдемақысының қосындысы 20 студент x күніне 4 доллар = $<<20*4=80>>80 құрайды. Сол 60 студенттің жалпы күнделікті ақша сомасы $240 + $80 = $<<240+80=320>>320 құрайды. #### 320
" Джоан әр сағат сайын сауда орталығындағы субұрқақтан тиындарды жинауы керек. Бірінші сағатта ол 15 тиын жинады. Келесі екі сағатта ол субұрқақтан 35 тиын жинады. Төртінші сағатта ол субұрқақтан 50 тиын жинады, бірақ газдалған сусын сатып алу үшін оның 15-ін әріптесіне берді. Төртінші сағаттан кейін оның қанша тиыны қалды?","Бірінші сағатта 15 монета жиналды Екінші сағатта 35 монета жиналды Үшінші сағатта 35 монета жиналды Төртінші сағатта 50 монета жиналды Әріптесіне бірнеше монета бермес бұрын, 15+35+35+50=<<15+35+35+50=135>>135 монета болды Әріптесіне 15 монета берілгеннен кейінгі монеталар саны 135-15=<<135-15=120>>120 #### 120"
" Джерридің екі қызы әртүрлі командаларда софтбол ойнайды. Олардың әрқайсысы осы маусымда 8 ойын өткізеді. Әр команда ойнаған әрбір ойын үшін 4 сағат жаттығады. Егер әр ойын 2 сағатқа созылса, Джерри алаңда қыздарының ойынын және жаттығуын бақылауға қанша сағат жұмсайды?",Джерри 8 ойын x әр ойынға 2 сағат = <<8*2=16>>16 сағат бір қызының ойындарын тамашалауға жұмсайды. Ол 16 x 2 = <<16*2=32>>32 сағат екі қызының да ойындарын тамашалауға жұмсайды. Ол 8 ойын x 4 сағат жаттығуға жұмсайды = <<8*4=32>>32 сағат бір қызының жаттығуын тамашалауға жұмсайды. Ол 32 x 2 = <<32*2=64>>64 сағат екі қызының жаттығуын тамашалауға жұмсайды. Ол ойындарды тамашалауға барлығы 32 сағат + жаттығуды тамашалауға 64 сағат = <<32+64=96>>96 сағат жұмсайды. #### 96
" Аю қысқы ұйқыға дайындалып жатыр және 400 кг салмақ қосуы керек. Жаздың соңында аю жидектер мен ұсақ орман жануарларымен қоректенеді. Күзде ол жаңғақ пен лососьті жейді. Жазда ол жидектерден қажетті салмағының бестен бір бөлігін, ал күзде жаңғақтан екі есе көп салмақ қосты. Албырт оған қажет болған қалған салмағының жартысын құрады. Ұсақ жануарларды жеп, ол қанша фунт салмақ қосты?","Аю жидектерден 1 / 5 * 1000 = <<1/5*1000=200>>200 фунт салмақ қосты. Ол емен жаңғағынан 2 * 200 = <<2*200=400>>400 фунт салмақ қосты. Оған әлі де 1000 - 200 - 400 = <<1000-200-400=400>>400 фунт салмақ қосу керек болды. Осылайша, ол албырттан 400 / 2 = <<400/2=200>>200 фунт салмақ қосты. Демек, аю ұсақ жануарлардан 400 - 200 = <<400-200=200>>200 фунт салмақ қосты. #### 200"
" 24 банкада 290 литр май бар. Егер банкалардың 10-ына 8 литрден сыйса, қалған банкалардың әрқайсысына қанша май сыяды?"," 10 банка әрқайсысына 8 литрден сыйып тұр, барлығы 10 * 8 = <<10*8=80>>80 литр. 290 - 80 = <<290-80=210>>210 литр қалды. 24 - 10 =<<24-10=14>>14 банка қалды. Қалған банкалардың әрқайсысына 210 / 14 = <<210/14=15>>15 литрден сыйып тұр. #### 15"
"Шонаның жаттығу мақсаты - 30 рет қайталап жаттығу. Дүйсенбі күні Шона тек 12 рет қайталап жаттығу жасай алды, сондықтан ол қалғанын сейсенбіде өтеуді шешті. Дегенмен, ол сейсенбіде тек 19 рет қайталап жаттығу жасай алды. Шона сәрсенбі күні ең төменгі мақсатына жету және жасамағандарының орнын толтыру үшін қанша рет қайталап жаттығу жасауы керек?", Дүйсенбіде Шоунаға 30 - 12 = <<30-12=18>>18 рет қайталау жетіспеді. Сейсенбіде Шоунаға 30 - 19 = <<30-19=11>>11 рет қайталау жетіспеді. Сәрсенбіде Шоунаға 30 + 18 + 11 = <<30+18+11=59>>59 рет қайталау керек болды #### 59
" Джеймс негізгі жұмысында жұмыс істеп жүргенде сағатына 20 доллар табады. Екінші жұмысында 20%-ға аз табады. Ол негізгі жұмысында 30 сағат, ал екінші жұмысында екі есе көп жұмыс істейді. Ол аптасына қанша табады?",Джеймс екінші жұмысында 20*.2=$<<20*.2=4>>4 теңгеге аз табады. Сондықтан ол сағатына 20-4=$<<20-4=16>>16 теңге табады. Бірінші жұмысында ол 20*30=$<<20*30=600>>600 теңге табады. Ол екінші жұмысында 30/2=<<30/2=15>>15 сағат жұмыс істейді. Сондықтан ол 15*16=$<<15*16=240>>240 теңге табады. Сондықтан ол аптасына 600+240=$<<600+240=840>>840 теңге табады. #### 840
" Ли бір шөп шабады және 33 доллар алады. Өткен аптада ол 16 шөп шабады, ал үш клиент оған 10 доллардан шайпұл берді. Ли өткен аптада шөп шабудан қанша доллар тапты?", 33 * 16 = $<<33*16=528>>528 3 * 10 = $<<3*10=30>>30 528 + 30 = $<<528+30=558>>558 Ли өткен аптада көгалдарды шабу арқылы $558 табыс тапты. #### 558
" Тара 1000 доллар тұратын ноутбук сатып алуды жоспарлап отыр. Компьютерлік дүкен айына 65 доллардан бөліп төлеуді 20% бастапқы жарна төленген жағдайда қабылдайды. Егер Тара бастапқы жарна үшін қосымша 20 доллар төлегісі келсе, 4 ай бойы төлегеннен кейін оның балансы қанша болады?","Тара $1000 x 20/100 = $<<1000*20/100=200>>200 алғашқы жарна төлеуі керек. Тара алғашқы жарна үшін тағы 20 доллар төлегісі келгендіктен, оның жалпы алғашқы жарнасы $200 + $20 = $<<200+20=220>>220 болады. Сонымен, оның бір жыл ішінде төленуге тиісті қалған сомасы $1000 - $220 = $<<1000-220=780>>780. Тара ай сайын жылына $780 / 12 ай/жыл = $<<780/12=65>>65/ай төлем жасауы керек. Оның 4 айға төлемдерінің жалпы құны айына $65 x 4 ай = $<<65*4=260>>260 құрайды. Демек, Тараның 4 айдан кейінгі қалдығы $780 - $260 = $<<780-260=520>>520 құрайды. #### 520"
 Джесси мен Миа бір апталық жарысқа қатысады. Оларға 30 миль жүгіруге бір апта уақыт берілген. Алғашқы үш күнде Джесси орта есеппен (2/3) миль жүгіреді. Төртінші күні ол 10 миль жүгіреді. Миа алғашқы 4 күнде күніне орта есеппен 3 миль жүгіреді. Соңғы үш күнде олардың жүгіруге тиіс орташа жылдамдығы қандай?,"Джесси алғашқы үш күнде 2 миль жүгірді, себебі 3 x (2/3) = <<3*(2/3)=2>>2 Джессидің жүгіруге 18 миль қалды, себебі 30 - 10 - 2 = <<30-10-2=18>>18 Джесси күніне орта есеппен 6 миль жүгіруі керек, себебі 18 / 3 = <<18/3=6>>6 Миа алғашқы төрт күнде 12 миль жүгірді, себебі 4 x 3 = <<4*3=12>>12 Оның жүгіруге 18 миль қалды, себебі 30 - 12 = <<30-12=18>>18 Ол күніне алты миль жүгіруі керек, себебі 18 / 3 = <<18/3=6>>6 Екеуінің де жүгіруі керек жалпы сома <<12=12>>Күніне 12 миль Олар күніне орта есеппен 6 миль жүгіруі керек, себебі 12 / 2 = <<12/2=6>>6 #### 6"
" Эльзаның қолындағы тиындардың Амалияның тиындарына қатынасы 10:45. Егер олардың жалпы тиын саны 440 болса және Амалия бар тиынының 3/4 бөлігін ойыншықтарға жұмсаса, оның қолында қанша тиын қалады?","Екеуінде де бар тиындардың жалпы қатынасы 10+45 = <<10+45=55>>55 Амалиядағы тиындар санын көрсететін қатынастың үлесі 45/55, және екеуінде де бар тиындардың жалпы саны 440 болғандықтан, Амалияда 45/55*440 = <<45/55*440=360>>360 тиын бар. Амалия барының 3/4 бөлігін жұмсағанда, ол 3/4*360 = <<3/4*360=270>>270 тиынмен қоштасады. Оның әлі де 360 тиыны бар - 270 тиын = <<360-270=90>>90 тиын #### 90"
 Карли әрқайсысында 5 қолы бар 7 теңіз жұлдызын және 14 қолы бар бір теңіз жұлдызын жинады. Ол жинаған жануарлардың барлығы қанша қолы бар?," Алдымен теңіз жұлдыздарының қолдарының жалпы санын табыңыз: 7 теңіз жұлдызы * 5 қол/теңіз жұлдызы = <<7*5=35>>35 қол Содан кейін теңіз жұлдыздарының қолдарының санын қосып, қолдарының жалпы санын табыңыз: 35 қол + 14 қол = <<35+14=49>>49 қол #### 49"
" Тимнің Мартаға қарағанда 30 алмасы кем, ал Гарридің алмасы Тимнің алмасынан екі есе аз. Егер Мартаның 68 алмасы болса, Гарридің қанша алмасы бар?",Тимнің 68-30 = <<68-30=38>>38 алмасы бар. Гарридің 38/2 = <<38/2=19>>19 алмасы бар. #### 19
 Хиллари бүрге базарында қолдан жасалған бұйымдарды әр бұйымына 12 доллардан сатады. Бүгін Хиллари 3 бұйым сатады және оған риза болған тұтынушыдан қосымша 7 доллар беріледі. Кейінірек Хиллари бүгінгі пайдасынан 18 долларды банк шотына салады. Депозит салғаннан кейін Хиллариде қанша доллар қалады?," Хиллари 3 қолөнер бұйымын әрқайсысын 12 доллардан сатты, барлығы 3 қолөнер * $12/қолөнер = $<<3*12=36>>36 Ол тұтынушыдан қосымша 7 доллар алады, жалпы соманы $36 + $7 = $<<36+7=43>>43 дейін арттырады. Содан кейін ол банкке 18 доллар салады, оның қолында $43 - $18 = $25 қалады #### 25"
"Нэнси балықтарына аквариумды толтырып жатыр. Ол аквариумды жартылай толтырып, есікті ашуға барады. Ол кеткен кезде, мысығы аквариумды құлатып, ішіндегі судың жартысын төгіп алады. Содан кейін Нэнси қайтып келіп, аквариумдағы су мөлшерін үш есеге арттырады. Егер аквариумның ұзындығы 4 фут, ені 6 фут және биіктігі 3 фут болса, аквариумда қанша текше фут су бар?"," Алдымен аквариумның көлемін оның ұзындығын, енін және биіктігін көбейту арқылы есептеңіз: 4 фут * 6 фут * 3 фут = <<4*6*3=72>>72 текше фут Содан кейін мысық оны құлатқаннан кейін аквариумның қандай бөлігі толғанын анықтаңыз: 1/2 * 1/2 = 1/4 Содан кейін Нэнси оны қайта толтырғаннан кейін аквариумның қандай бөлігі толғанын анықтаңыз: 3 * 1/4 = 3/4 Енді аквариумның толған бөлігін аквариум көлеміне көбейтіп, онда қанша су бар екенін біліңіз: 72 текше фут * 3/4 = <<72*3/4=54>>54 текше фут #### 54"
"Ойыннан кейін бейсбол командасына тамақ дайындау Роджердің кезегі келді, және ол жол қоспасын әкелуді шешті. Жол қоспасы 6 жеке пакеттен тұрады. Роджердің бейсбол командасында 13 мүше, сонымен қатар 3 жаттықтырушы және 2 көмекші бар. Ол қанша қап жол қоспасын сатып алуы керек?"," Роджерге 13 + 3 + 2 = <<13+3+2=18>>18 қапшық соқпақ қоспасы қажет болады. Егер соқпақ қоспасы қапшықтарының санын әр қапшықтағы мөлшерге бөлсек, 18 / 6 = <<18/6=3>>3 қапшық соқпақ қоспасы шығады. #### 3"
 Төрт адам барлығы 103 килограмм салмақ тастады. Бірінші адам 27 килограмм салмақ тастады. Екінші адам бірінші адамға қарағанда 7 килограммға аз салмақ тастады. Қалған екі адам да сол мөлшерде салмақ тастады. Соңғы екі адамның әрқайсысы қанша килограмм салмақ тастады?, Екінші адам = 27 - 7 = <<27-7=20>>20 кг 103 - 27 - 20 = <<103-27-20=56>>56 кг 56/2 = <<56/2=28>>28 кг Соңғы екі адам әрқайсысы 28 килограмм салмақ тастады. #### 28
"Дейл мен Эндрю кафеде таңғы ас ішті. Тост тілімі 1 фунт стерлинг, ал жұмыртқа 3 фунт стерлингтен тұрды. Дейлде 2 тост тілімі және 2 жұмыртқа болды. Эндрюде 1 тост тілімі және 2 жұмыртқа болды. Олардың таңғы асы қанша болды?", Дейлдің тостының құны 2 × $1 = $<<2*1=2>>2. Эндрюдің тостының құны 1 × $1 = $<<1*1=1>>1. Дейлдің жұмыртқасының құны 2 × $3 = $<<2*3=6>>6. Эндрюдің жұмыртқасының құны 2 × $3 = $<<2*3=6>>6. Олардың таңғы асы $2 + $1 + $6 + $6 = $<<2+1+6+6=15>>15 тұрады. #### 15
" Бақшада 237 картоп, қиярға қарағанда 60 картоп аз және бұрыш екі есе көп өсірілді. Бақшада қанша көкөніс өсірілді?", Бақшада 237 картоп өсірілді - 60 = <<237-60=177>>177 қияр. Бақшада 177 қияр * 2 бұрыш/қияр = <<177*2=354>>354 бұрыш өсірілді. Бақшада 237 картоп + 177 қияр + 354 бұрыш = <<237+177+354=768>>768 көкөніс өсірілді. #### 768
Боксшы жекпе-жектен кейін 4 ай өткен соң 97 кг салмақ тастады. Ол жекпе-жек күніне дейін айына 3 кг салмақ тастауға мүмкіндік беретін диета ұстайды. Жекпе-жек күні оның салмағы қанша болады?," 4 айда ол 3 x 4 = <<3*4=12>>12 килограмм салмақ тастайды. Демек, оның салмағы 97 – 12 = <<97-12=85>>85 килограмм болады. #### 85"
" Мэннидің туған күніне 24 сыныптасы және мұғалімі Кит мырзамен бөлісетін 3 печенье бәліші болды. Егер әрбір печенье бәліші 10 тілімге кесіліп, ал Мэнниде, сыныптастарында және Кит мырзада 1 данадан болса, қанша тілім қалады?", Барлығы 3 x 10 = <<3*10=30>>30 печенье тілімі бар. Печенье тілімдерін жеген 24 + 1 + 1 = <<24+1+1=26>>26 адам бар. 30 - 26 = <<30-26=4>>4 печенье тілімі қалды. #### 4
 Джеймс 40 жыл мұғалімдікке жұмсады. Оның серіктесі 10 жылға аз уақыт мұғалімдікпен айналысты. Олардың жалпы тәжірибесі қанша уақытты құрайды?,"Оның серіктесі 40-10=<<40-10=30>>30 жыл бойы сабақ берді. Сонымен, олардың бірге 40+30=<<40+30=70>>70 жылдық тәжірибесі бар #### 70"
" Дженнифер дүкеннен 40 банка сүт сатып алды, содан кейін сыныптасы Маркпен кездесті, ол да сүт сатып алып жүрді. Дженнифер Марк сатып алған әрбір 5 банка үшін тағы 6 банка сүт сатып алды. Егер Марк 50 банка сатып алса, Дженнифер дүкеннен үйге қанша банка сүт әкелді?"," Егер Марк 50 банка сүт сатып алса, Дженнифер Марк сатып алған әрбір 5 банка сүтке 6 банка қосқан саны 50/5 = <<50/5=10>>10 есе. Ол сатып алған қосымша банкалардың жалпы саны 10*6 = <<10*6=60>>60 банка. Егер оның бастапқыда 40 банкасы болса, ол үйіне 40+60 = <<40+60=100>>100 банка сүтпен оралды. #### 100"
"Сэм мен Джефф үзілісте секіру жарысына қатысты. Жарыс төрт раундқа бөлінді. Сэм бірінші раундта Джеффке қарағанда 1 секіруді артық орындады. Джефф екінші раундта Сэмге қарағанда 3 рет аз секірді. Джефф үшінші раундта Сэмге қарағанда 4 рет көп секірді. Джефф шаршап, соңғы раундта Сэмге қарағанда секіру санының жартысын ғана орындады. Егер Сэм әр раундта 16 рет секірсе, Джефф әр раундта орташа секіру саны қандай?", Бірінші раундта Джефф 16 - 1 = <<16-1=15>>15 жасады. Екінші раундта Джефф 16 - 3 = <<16-3=13>>13 жасады. Үшінші раундта Джефф 16 + 4 = <<16+4=20>>20 жасады. Төртінші раундта Джефф 16 / 2 = <<16/2=8>>8 жасады. Джефф 15 + 13 + 20 + 8 = <<15+13+20+8=56>>барлығы 56 секіруді жасады. Джефф орта есеппен әр раундта 56 / 4 = <<56/4=14>>14 секіруді жасады. #### 14
"Ирен аптасына 40 сағат жұмыс істесе, 500 доллар табады және артық жұмыс істеген әрбір сағат үшін қосымша 20 доллар алады. Егер ол өткен аптада 50 сағат жұмыс істесе, оның жалпы табысын есептеңіз."," Егер Ирен өткен аптада 50 сағат жұмыс істесе, артық жұмыс ретінде есептелген сағаттардың жалпы саны 50-40 = <<50-40=10>>10 сағат. Ол артық жұмыстың әрбір сағаты үшін 20 доллар бергендіктен, ол артық жұмыс уақытында 10*$20 = $<<10*20=200>>200 табыс тапты. Оның жалпы табысы, артық жұмыс уақытын қоса алғанда, $500+$200= $<<500+200=700>>700 #### 700"
" Пайтынның 20 қызыл қалпағы және 24 көк қалпағы бар. Оның досы Золаның өзінен 4/5 есе көп қызыл қалпағы және көк қалпақтар санынан екі есе көп. Егер олар барлық қалпақтарды біріктіріп, оларды тең бөліссе, әрқайсысына қанша қалпақ берілетінін есептеңіз.","Пайтиннің барлығы 20 қалпағы + 24 қалпағы бар = <<20+24=44>>44 қалпағы бар. Золаның қызыл қалпақтарының саны 4/5 * 20 қалпақ = <<4/5*20=16>>16 қалпағы бар. Золаның да 2 * 24 қалпағы бар = <<2*24=48>>48 көк қалпағы бар. Золаның барлығы 48 қалпағы + 16 қалпағы бар = <<48+16=64>>64 қалпағы бар. Қалпақтарын қосқанда, 64 қалпағы + 44 қалпағы бар = <<64+44=108>>108 қалпағы болады. Егер олар қалпақтарды тең бөліссе, әрқайсысы 108 қалпақ / 2 адам = <<108/2=54>>54 қалпақ/адам #### 54"
" Ханс қонақ үйден бөлме брондады. Қонақ үйдің 10 қабаты бар, әр қабатында 10 бірдей бөлме бар. Апат салдарынан соңғы қабат қонақтар үшін қолжетімді емес. Басқа қонақтар болмағандықтан, Ханс қанша түрлі бөлмеге орналаса алады?"," Қонақ үйде барлығы 10 қабат бар * 10 бөлме/қабат = <<10*10=100>>100 бөлме. Бір қабат бос емес, сондықтан Хансты 100 бөлмеге жатқызуға болады - 10 бөлме = <<100-10=90>>90 бос бөлме. #### 90"
"Төрт сыныптас туған айларына қарай жасын салыстырды. Олар Джолиннің Терезден 2 ай, ал Терезаның Айводан 5 ай үлкен екенін анықтады. Содан кейін Леон Айводан 2 ай үлкен. Джолин Леоннан айлармен қанша есе үлкен?"," Джолин Айводан 2 + 5 = <<2+5=7>>7 ай үлкен. Леон Айводан 2 ай үлкен болғандықтан, Джолин Леоннан 7 - 2 = 5 ай үлкен. #### 5"
" Питер дүкенге газдалған сусын сатып алуға барады. Газдалған сусынның унциясы 0,25 доллар тұрады. Ол өзімен бірге 2 доллар алып келіп, 0,50 доллармен кетеді. Ол қанша унция газдалған сусын сатып алды?"," Ол газдалған сусынға 1,5 доллар жұмсайды, себебі 2 - .5 = <<2-.5=1,5>>1,5 Ол 6 унция газдалған сусын сатып алды, себебі 1,5 / .25 = <<6=6>>6 #### 6"
" Джонның сиырының салмағы 400 фунт. Ол бастапқы салмағынан 1,5 есеге дейін салмағын арттырды. Ол сиырды фунтын 3 доллардан сата алады. Салмағы өскеннен кейін оның құны қанша болады?",Сиырдың бастапқы салмағы 400*1.5=<<400*1.5=600>>600 фунт болды. Сондықтан ол 600 - 400 = <<600-400=200>>200 фунтқа қосылды. Сондықтан оның құны 200*$3 = $<<200*3=600>>600-ге өсті. #### 600
 Брэндон өткен жылы 86 геккон сатты. Ол өткен жылы екі есе көп сатты. Брэндон соңғы екі жылда қанша геккон сатты?, Өткен жылы: 86 геккон 2 жыл бұрын: 86(2)=172 Сатылған геккондардың жалпы саны 86+172=<<86+172=258>>258 геккон #### 258
" Кристиан кітапханада жұмыс істейді. Ол күн сайын орта есеппен 40 кітап алады. Әр жұма сайын оның алған кітаптарының саны күнделікті орташа көрсеткіштен шамамен 40%-ға көп. Егер кітапхана дүйсенбіден жұмаға дейін ашық болса, ол бір аптада қанша кітап алады?","Жұма күні алынған кітаптар саны 40 * 40/100 = <<40*40/100=16>>16 кітапқа көп. Дүйсенбіден жұмаға дейін қоса алғанда 5 күн бар, сондықтан Кристиан сол уақыт ішінде орта есеппен 5 * 40 = <<5*40=200>>200 кітап алады. Жұма күнгі алынған кітаптардың көбеюімен Кристиан бір апта ішінде 200 + 16 = <<200+16=216>>216 кітап алады. #### 216"
" Герман құстарды желтоқсан, қаңтар және ақпан айларында тамақтандырғанды ұнатады. Ол оларға таңертең 1/2 кесе, ал түстен кейін 1/2 кесе береді. Оған үш ай бойы қанша кесе тамақ қажет болады?"," Желтоқсанда 31 күн, қаңтарда 31 күн және ақпанда 28 күн бар, барлығы 31+31+28 = <<31+31+28=90>>90 күн Ол оларға таңертең 1/2 кесе, ал түстен кейін 1/2 кесе береді, барлығы 1/2+1/2 = <<1/2+1/2=1>>Күніне 1 кесе береді. Егер ол оларға 90 күн бойы күніне 1 кесе берсе, онда оған 1*90 = <<1*90=90>>90 кесе құс тұқымы қажет болады #### 90"
"Джон өнімділік бонустарын ұсынатын жұмыста жұмыс істейді. Ол күніне 80 доллар табады және 8 сағат жұмыс істейді. Оның күніне қосымша 20 доллар өнімділік бонусын алу үшін көп жұмыс істеу мүмкіндігі бар, бірақ қосымша күш-жігер жұмыс күнін 2 сағатқа ұзартуға әкеледі. Егер Джон бонус алуды шешсе, сағатына қанша табады?"," Алдымен, егер Джон бонус алуды шешсе, оның жұмыс күнінің ұзақтығын анықтауымыз керек. Мұны оның жұмыс күні үшін 8+2= <<8+2=10>>10 сағат есептеу арқылы жасаймыз. Келесіде оның жалпы жалақысын анықтауымыз керек. Мұны күніне 80+20=<<80+20=100>>100 доллар есептеу арқылы жасаймыз. Содан кейін Джонның сағаттық жалақысын оның жалақысын жұмыс істеген сағаттар санына бөлу арқылы анықтаймыз, яғни сағатына 100/10= <<100/10=10>>10 доллар есептеу арқылы. #### 10"
"Салли мен Боб жыл соңында саяхатқа шығуды жоспарлады. Екеуі де бала күтуші болып жұмыс істеуді шешеді және тапқан ақшаларының жартысын саяхаттарына жинайды. Егер Салли күніне 6 доллар, ал Боб күніне 4 доллар тапса, бір жылдан кейін екеуі де саяхаттарына қанша ақша жинайды?"," Сали 1/2 үнемдейді * күніне $6 = $<<1/2*6=3>>3/күн. Әр жылда 365 күн болғандықтан, Саллидің бір жылда үнемдейтін жалпы ақшасы күніне $3 * 365 күн/жыл = $<<3*365=1095>>1095/жыл Боб 1/2 * күніне $4 = $<<1/2*4=2>>2/күн үнемдейді. Бобтың бір жылда үнемдейтін жалпы ақшасы күніне $2 * 365 күн/жыл = $<<2*365=730>>730/жыл Жалпы алғанда, Салли мен Боб $730 + $1095 = $<<730+1095=1825>>1825 #### 1825"
" Джон үлкен мейрамханаға тамақ тапсырыс береді. Ол фунтына 8 доллардан 1000 фунт сиыр етін тапсырыс береді. Сондай-ақ, фунтына 3 доллардан екі есе көп тауық етін тапсырыс береді. Барлығы қанша тұрады?","Сиыр етінің құны $8 * 1000 = $<<8*1000=8000>>8000 Ол 1000 * 2 = <<1000*2=2000>>2000 фунт тауық сатып алады. Сонымен, тауық етінің құны 2000 * $3 = $<<2000*3=6000>>6000. Сонымен, жалпы құны $8000 + $6000 = $<<8000+6000=14000>>14000 #### 14000"
 Джон күніне 20 бет жазады. Әрқайсысы 400 беттен тұратын 3 кітап жазу үшін оған қанша уақыт кетеді?, Ол 3*400=<<3*400=1200>>1200 бет жазғысы келеді. Сондықтан оған 1200/20=<<1200/20=60>>60 күн қажет болады #### 60
" Алисаның 20 ширегі бар. Ол оларды шелекке айырбастағысы келеді, сондықтан банкке барады. Банктен оралғаннан кейін, ол шелектердегі 20%-дың әрқайсысы 3 доллар тұратын темір шелектер екенін біледі. Оның ақшасының қазіргі жалпы құны қандай?","Ширек цент бес центке тең, себебі .25 / .05 = <<.25/.05=5>>5 Ол банктен 100 цент алады, себебі 20 x 5 = <<20*5=100>>100 20 цент темір цент, себебі 100 x .20 = <<100*.20=20>>20 80 цент кәдімгі цент, себебі 100 - 20 = <<100-20=80>>80 Темір центтер 60 доллар тұрады, себебі 20 x 3 = <<20*3=60>>60 Кәдімгі центтер 4 доллар тұрады, себебі 80 x .05 = <<80*.05=4>>4 Оның ақшасы қазір 64 доллар тұрады, себебі 60 + 4 = <<60+4=64>>64 #### 64"
" Джеймстің жаңбыр суын жинайтын бөшкесі бар. Әр дюйм жаңбыр үшін ол 15 галлон су жинайды. Дүйсенбіде 4 дюйм, ал сейсенбіде 3 дюйм жаңбыр жауды. Ол суды бір галлонын 1,2 доллардан сата алады. Ол барлық суды сатудан қанша ақша тапты?", Жаңбыр жауды 3+4=<<3+4=7>>7 дюйм. Сонымен ол 7*15=<<7*15=105>>105 галлон жинады. Сонымен ол суды сатудан 105*1.2=$<<105*1.2=126>>126 табады #### 126
"Кітапханашы Нэнси арбадағы кітаптарды сөреге қойып отыр. Ол арбаның жоғарғы бөлігінен 12 тарих кітабын, 8 романтикалық кітапты және 4 поэзия кітабын сөреге қойды. Арбаның төменгі бөлігіндегі кітаптардың жартысы детективтік кітаптар болды, оларды тез орнына қойды. Содан кейін ол арбаның төменгі жағынан қалған кітаптарды, соның ішінде 5 батыс романы мен 6 өмірбаянды сөреге қойды. Кітап арбасында бастаған кезде қанша кітап болды?"," Арбаның төменгі бөлігіндегі кітаптардың жартысы детективтік кітаптар, яғни олар батыстық романдар мен өмірбаяндардың жалпы санымен бірдей. Сонымен, 5 + 6 = <<5+6=11>>11 детективтік роман шығады. Олардың барлығын қоссақ, 12 тарих + 8 романтика + 4 поэзия + 11 детектив + 5 батыстық + 6 өмірбаян = <<12+8+4+11+5+6=46>>барлығы 46 кітап шығады #### 46"
"Гектор бір контейнер сағыз шарларын сатып алды. Ол Тоддқа 4-еуін берді, содан кейін Тоддқа Алишаға бергенінен екі есе көп берді, содан кейін Боббиге Алишаға бергенінен төрт есе аз 5-еуін берді. Егер Гекторда 6 сағыз шары қалса, Гектор сатып алған сағыз шарларының жалпы саны қандай?"," Гектор Алишаға Тоддқа бергенінен екі есе көп, барлығы 4*2=<<4*2=8>>8 саңырауқұлақ берді, Гектор Боббиге Алишаға бергенінен төрт есе аз 5 саңырауқұлақ берді, немесе барлығы (8*4)-5=<<8*4-5=27>>27 саңырауқұлақ берді. Егер Гекторда 6 саңырауқұлақ қалса, ол бастапқыда 4+8+27+6=<<4+8+27+6=45>>45 саңырауқұлақ сатып алды. #### 45"
"Гейлдің екі аквариумы бар. Бірінші аквариум екінші аквариумнан екі есе үлкен. Бірінші аквариумда 48 галлон су бар. Ол бір дюйм балыққа бір галлон су ережесін ұстанады. Егер ол екінші аквариумда екі дюймдік, ал бірінші аквариумда үш дюймдік балық ұстаса, егер бірінші аквариум балықтарының бірі екіншісін жесе, Гейлдің бірінші аквариумда екінші аквариумға қарағанда қанша балығы көп болар еді?"," Екінші аквариум 48 / 2 = <<48/2=24>>24 галлон. Гейл өзінің ережесіне сәйкес, екінші аквариумда 24 / 2 = <<24/2=12>>12 екі дюймдік балық ұстайды. Ол бірінші аквариумда 48 / 3 = <<48/3=16>>16 балық ұстайды. Егер бірінші аквариумдағы бір балық екіншісін жесе, оның бірінші аквариумда 16 - 1 = <<16-1=15>>15 балығы болар еді. Осылайша, Гейлдің бірінші аквариумда тағы 15 - 12 = <<15-12=3>>3 балығы болар еді. #### 3"
